train_logloss,valid_logloss,test_logloss,test_mid_0_logloss,test_mid_1_logloss,test_mid_2_logloss,test_mid_3_logloss,test_mid_4_logloss,test_mid_5_logloss,test_mid_6_logloss,test_mid_7_logloss,test_mid_8_logloss,test_mid_9_logloss
0.563663251280329,0.5644950899775127,0.3233545370449243,0.5034677814418541,0.5379808446727129,0.4891870832242802,0.4775964507142249,0.3712626781855655,0.4040151109633639,0.3577785813928202,0.4115468665648985,0.4362033415954283,0.37232956716483584
0.5367265500742059,0.5381064741507963,0.3207527151739007,0.5161812199357779,0.5680818419190353,0.5048395808326893,0.48008526217314546,0.3937547253125539,0.42656859986260004,0.3687287411272813,0.4201401948608038,0.4692260445235863,0.40875710517744074
0.5176996323474079,0.5196443415185384,0.3117924603377839,0.5107980426624358,0.5529234789837999,0.47398251024480453,0.4602927526879117,0.4092395792399,0.4357318504139005,0.35458035242654734,0.40933666085432713,0.4553231429313266,0.4291606887962439
0.5017310326114222,0.5042205869335673,0.3132516623017256,0.4904208263403818,0.5583788063116896,0.46734273053354225,0.4483462361333758,0.4141570662856353,0.44916075668851635,0.3651828302789426,0.41886784674876437,0.4325586603863775,0.44141390058434427
0.4864092591766189,0.4891927882773361,0.31912824520291533,0.47120027292101624,0.5699351498935972,0.47050099994361044,0.45535944860574057,0.4180530334070946,0.4596568887595984,0.38236609796973015,0.4369828583984161,0.4348965182016801,0.4584575697968444
0.4671475264514615,0.4701411106022126,0.32757255075625097,0.46467615930486317,0.5814144093200575,0.49765903101923076,0.469124115214867,0.43211969945134443,0.47962922377811984,0.4084059157579822,0.4665430889480004,0.45215545710508687,0.491994234510419
0.45442441049605975,0.4578255821102723,0.3357802225969427,0.4709184363572489,0.5945560105431469,0.5036518644952426,0.4650412526666933,0.4408144089694266,0.4991276019288467,0.43366029126109945,0.48458522523790254,0.47266438330897526,0.5063699063045254
0.4388641863359515,0.4426785257622939,0.37609658541054697,0.4930116612945393,0.6190381135898064,0.5369169125179762,0.5033650849510833,0.48114671234061224,0.569033510428576,0.49841095403351027,0.5372984155711851,0.5245861783472309,0.5644731789899015
0.432481131685296,0.43656667807906785,0.33820236544609644,0.48620814223308534,0.5774368388059061,0.4896250100445711,0.4598270081903393,0.4363426155150326,0.521551201730436,0.4645835717000895,0.51450893309872,0.5061865754164949,0.5188402559773414
0.4136339270137363,0.4186520343985816,0.3550880544084934,0.4994115728628778,0.5907932124245917,0.5172692094854032,0.4573778888079507,0.455034762128096,0.5588154226047878,0.5054756232026343,0.5540333479088174,0.5317357407609627,0.533116037954093
0.402162332993925,0.4079854902534379,0.36134143259936785,0.5308787800243263,0.6356599540060581,0.5568901955557629,0.4608558042018519,0.48025302929295266,0.5694618705452068,0.5394442427732985,0.5891967217890589,0.5630314500052674,0.5395633707693566
0.39089677745040585,0.3975059742307685,0.37758608581332703,0.572125820483878,0.6538306632382884,0.5930649355628748,0.4810022509468356,0.4989111541055213,0.590532455361421,0.5743262729317504,0.6276625881627733,0.5791718316209,0.5598283726698363
0.3827898311043226,0.38992265356909267,0.4309893484357911,0.5938637207821413,0.6672123561145695,0.6305859460753712,0.5101238832291486,0.5406879380304934,0.6409731366607385,0.6571125748909233,0.6797302210428968,0.6152402879656872,0.6168259520727281
0.37749783786962876,0.38535854388084334,0.4469435554487923,0.6419946361335398,0.6981651183653467,0.6734306524311892,0.5242722594551968,0.5714956605186715,0.6649347535983036,0.7049620596803456,0.7092856734546577,0.6466664389491724,0.6465453958060381
0.37150187207734603,0.3794846258045164,0.4571245941277231,0.6745017560663935,0.7077815752388987,0.7008353393499901,0.5347988868201546,0.5860403150013702,0.6932683854978562,0.7010892051161479,0.741214443705381,0.6522416018892528,0.662387683916985
0.37043434720730434,0.37892660437277736,0.4682066338606964,0.7277208745056516,0.7594034482562171,0.7515326471388438,0.5579203824344999,0.604800195624666,0.7067202123387282,0.7229536917687494,0.7785137469988241,0.6783488676272489,0.6830557356099862
0.36631306601503005,0.37526562908377986,0.462664275525394,0.727968752302421,0.7504959661534814,0.7442639551405438,0.5504141345813853,0.5760258960927321,0.6929496844442873,0.720520117842167,0.7605848259993512,0.6826304864408977,0.6657219362703408
0.3567760262086551,0.3664993022432636,0.4461055476531522,0.7067879038405303,0.7089035280233569,0.7302682886091592,0.5463896409454403,0.5654824541746217,0.6696085651057758,0.7105673592139963,0.7294279393367263,0.6549672976653365,0.6378239590773234
0.3524530911372543,0.36271917493925915,0.45588558993285333,0.7267362055117897,0.7135346762486577,0.7408704964754929,0.5518438859454483,0.5624623377054744,0.6855042731779737,0.7175072753009778,0.7591057752364073,0.6712035870709334,0.6405454658247951
0.35321403292545595,0.36372287392453506,0.45932456555515344,0.7525123503819892,0.711072420360373,0.7525212901936023,0.5654473713272534,0.5793016945711598,0.6679275538064557,0.7255869887185963,0.7702674629626166,0.6882944002140441,0.6618208414467625
0.3498337666934652,0.36117695767984626,0.43364320520924504,0.7214082158746691,0.6861161876780466,0.7198550607594945,0.5333448875585008,0.5444602838256858,0.6096438756434222,0.7052970607860852,0.7414865505410473,0.6629102017673817,0.6319896475546826
0.34963166555672487,0.36098290362767743,0.4490600410311782,0.740485757520528,0.6987910899960911,0.7452482053700314,0.5601427254799786,0.5663059554209493,0.6355068449143737,0.7140203437591232,0.7752277058920447,0.6957925574749847,0.6467456461466663
0.3487186384294736,0.3603919149979517,0.4295119377904515,0.7139441630417924,0.6638437294596243,0.722530063954939,0.5435088838536906,0.5350592831708527,0.5990866534698324,0.6717380245911234,0.7525642857976987,0.6742462923961124,0.5989107160833989
0.34807674873402317,0.3602385146324196,0.4469142124601799,0.7474107085157896,0.6984060602379581,0.7562791571140942,0.5649307829045583,0.5648697727989168,0.63025842049036,0.7013544408408763,0.7855847162512068,0.7090933552461671,0.6238602861801259
0.3398352744090921,0.35252635084419576,0.44810211193751653,0.7195142181912725,0.6849988320047438,0.7237668561567294,0.5375800902535836,0.5644783414085884,0.6298194771830357,0.6974078301049089,0.7801342268470319,0.7002489299781088,0.6278529569182438
0.3441199228164627,0.35687218254056,0.43428378476427143,0.7194324623764391,0.6809205517454324,0.7199103956309612,0.5319523313644752,0.5678005726250889,0.5993541137105859,0.6884512095329738,0.7731387769927048,0.6974582505399796,0.6077837969385158
0.3333531889992879,0.34678946877194955,0.4772673334857918,0.7444055523470859,0.7476393996151922,0.7865831315085343,0.568725634198297,0.6043781357976159,0.6696878564803282,0.7323709407444927,0.8231567099583752,0.7608078907161575,0.6575350349429113
0.33543040411245817,0.34869773437219265,0.4770943509385695,0.7661974995963629,0.7426735393173713,0.805201480939069,0.5612026933571368,0.5933242268132856,0.6695708149688521,0.720551354944987,0.8526717637220801,0.7666061849376683,0.6468584478450603
0.3388585662568689,0.352063820421413,0.48563946891097104,0.7924792082659285,0.7703658031936016,0.8151138840161495,0.5783931626248202,0.6139044513526319,0.6803152226841223,0.7278598844565723,0.8682277516364422,0.7834215391052981,0.6526614445914308
0.32781108618963317,0.34181109223679784,0.4781801010304377,0.732477258227134,0.7426156055426277,0.7965112054003093,0.5524629566622556,0.5973874042101235,0.6661385201340457,0.7272424619952726,0.831265308967349,0.7629824246578373,0.6412164298712102
0.33149117425854996,0.3457590988154948,0.48004068840177583,0.7332351923971115,0.7347586323531106,0.7776153592330872,0.5525397842681463,0.598909092829463,0.6696783997156197,0.7025470454742766,0.8387122614888165,0.75942452390514,0.6258109850655786
0.3281740237420359,0.34263170626705924,0.512391893744621,0.7673124773690051,0.7731529048623301,0.8276072344563766,0.6028932432912181,0.6173125540906124,0.7127181691301216,0.745691619307102,0.8688864278942274,0.8188247560589099,0.6522928673175795
0.32955397373903933,0.34404358176052935,0.5149813064398421,0.7787409853252875,0.7906270148350437,0.8294855881769716,0.6167433442341373,0.6285868718082653,0.7092540556684191,0.7467449846464704,0.8818472127471785,0.8229897797594651,0.6583037605279045
0.32511024373810543,0.3397036135149877,0.49984761584706167,0.7647746252617607,0.7656937003905676,0.8023089742130796,0.585184612262984,0.6225192072460884,0.6933621801964409,0.727829901640984,0.8675959697707935,0.8035389918420589,0.6405544336986965
0.32452093838954743,0.33960047318152853,0.5221942140567678,0.7768706363926134,0.7880822895051024,0.8258243103310781,0.6084574062019801,0.632566540893434,0.7245559802893846,0.739831373566454,0.8952144114138,0.8327919494911221,0.658572985503175
0.32573401542776975,0.3409294991095703,0.5256972882348943,0.7981672235152902,0.8099485543759889,0.8131218255017044,0.6177142667765243,0.6529057239769682,0.7416246749649883,0.7538623128733641,0.9039710194398509,0.8581674174218766,0.690283707871699
0.32192083811501016,0.33722650353667655,0.5030594879566408,0.7758266840861315,0.7767584595362902,0.8082254777048603,0.5991144454507733,0.6287335246452982,0.7120823135468407,0.7396991166902298,0.8838632758389362,0.8289460820583346,0.6648127066558904
0.3280626022082013,0.3433663556635655,0.49991861341281796,0.7783674715402693,0.794323468683077,0.8168655829507038,0.5930501867431526,0.6306422444559526,0.7098211244205196,0.7293494049718253,0.8947270829758427,0.8309053078764671,0.6570512115298316
0.3272924344124711,0.3426986709916954,0.5111032887428677,0.8131458078053699,0.8139076706287176,0.837309412271057,0.6001530681042602,0.652274038557952,0.7368445202517688,0.7496035916166305,0.9260941471674891,0.8525656211095458,0.6828048061519485
0.31909164778688676,0.3350749535563641,0.5186567947343904,0.7886435216532364,0.800086877932865,0.8147283232296851,0.6173107435875256,0.6419474924043687,0.7276275558820345,0.7531992920786417,0.9015483340971772,0.8402401868292285,0.6851073892295574
0.3201428650215297,0.3364186678024729,0.49533209763841873,0.7637218984981492,0.7868439281648704,0.7796468308729867,0.5979563828105383,0.633141259621063,0.7203549120660344,0.7226091820251913,0.879614629906936,0.8149676620028573,0.6562927320450528
0.31524540493905656,0.3320153220804633,0.5130511215059839,0.7676464095092458,0.786005763698796,0.795732243704694,0.6082994874833315,0.6470822427019723,0.7352793488011842,0.7501671689955378,0.9018585269047437,0.8194388874254515,0.6713513254120195
0.3167524351232862,0.3335199494788595,0.48739342985029027,0.750032839961391,0.7741135800127908,0.7758209027773044,0.5983679145904948,0.6254735741087217,0.7079607018329012,0.7106018489992333,0.8795378100675268,0.8091100853406622,0.6486133210043618
0.31407177077560955,0.33121244535891237,0.49004339874057123,0.7533468480854385,0.7646403880116999,0.7680074137455856,0.605592323630512,0.6304614275949463,0.7090455621466039,0.7156704693513862,0.8810227220919573,0.7913780036785555,0.6475725671664694
0.3111294997143597,0.32878172314766924,0.45039161022638124,0.6929395115697665,0.7095882478673554,0.7249532590060485,0.556292342389846,0.5857251168514443,0.6604055544909908,0.661276986138312,0.8225453847445618,0.7187568547595697,0.5839605997195972
0.31118907157264386,0.328999947516377,0.4782394578090557,0.7401644213609592,0.7608401114692862,0.7533676456934958,0.592037384985341,0.6162226761983967,0.6947517739954175,0.6957786864620471,0.8744583509023196,0.7681587733241335,0.6267398202731541
0.3097989422564068,0.3273948902346211,0.46926050562965954,0.7255282382129008,0.7383371023777532,0.7346312078640013,0.587387268135765,0.6002052846824436,0.6918672527110082,0.6853306002565854,0.8520186851160532,0.7609968753781226,0.6275341744543524
0.3109510012138818,0.32897451543760564,0.4614660518622944,0.7232340576570955,0.7414213818009184,0.7363491756560525,0.5851036789436119,0.61123323596754,0.6787334186575156,0.673643533659486,0.8539293307188571,0.7696173959997972,0.6104408345458215
0.3045395743155979,0.3228110487432529,0.47833031835638984,0.7289689234594493,0.7472477823757578,0.751102085475397,0.5913255310686839,0.6104629400579594,0.708082761850322,0.6904039863281106,0.8688427453350432,0.7790182924543213,0.6256764063191524
0.30460586922893595,0.3232196301433582,0.4498531293837454,0.6940905316023253,0.7125446116703645,0.7259070841329739,0.5683391829045902,0.5948753467131154,0.6689658999294947,0.6496882306113917,0.8204402878792462,0.7361309325859616,0.5774896824974642
0.30314325226816535,0.3220143876009943,0.46225215542827597,0.7109499708448995,0.7467010981188166,0.744924187277793,0.5808722360759795,0.6067412027281189,0.6833014742581083,0.6762463136418044,0.8541160695193611,0.7638784199407164,0.5995382290964795
0.3034136337066087,0.32229379356305626,0.4745084043534203,0.7480250274543873,0.7595235035419897,0.7634132282710492,0.6028361010060689,0.6192653902429794,0.6922781320843985,0.6756138415921183,0.8709986771740252,0.7985080758507618,0.6118185231511053
0.30012818255915086,0.31918789102756223,0.47427978555249145,0.7298764865355089,0.7521402903166905,0.7794895185921193,0.5953072878244183,0.626646325454603,0.6839443930077584,0.678519930300601,0.8808756770944769,0.7835970420348045,0.598763951783648
0.3000185065192763,0.3191530309273105,0.4744995217747715,0.7383360604049068,0.7580563034007993,0.7781820182432017,0.6026018487277395,0.625288383343689,0.6885360555698433,0.6757608746882776,0.8573810536968973,0.7794283698614144,0.6018690945581174
0.2972690546295551,0.31669064361001553,0.4880155150405638,0.7474045850967427,0.7687094275442632,0.8143553401302044,0.612498517854242,0.6329040843017314,0.7292811016380293,0.7048703951473668,0.8720332499892637,0.797446611564575,0.6103381510201455
0.2964225156914864,0.3159710066298914,0.4802151947108599,0.7309395257822026,0.7501495207807553,0.8051564665505377,0.6014328418464635,0.621666664061933,0.7047858790270292,0.6851952212195658,0.8789654487691958,0.7902265041399175,0.5989260248083212
0.2964364332117839,0.3161927286723886,0.49134179311992476,0.7433176279931236,0.7552622263011588,0.8291678222866065,0.6187653190826042,0.6214009801373173,0.7200495835442134,0.6814635755060071,0.8738915281428646,0.7974286976830444,0.6053098426230503
0.2953504428872042,0.31519720613201513,0.49204862287661744,0.7500788188146345,0.7632060306323069,0.8222200824232686,0.6266840513440644,0.6300288922646196,0.7197799904381551,0.6867683822983246,0.8817391641968757,0.795509858222901,0.6083637131250635
0.2947234908953623,0.3145472704285398,0.4969222314553231,0.7514468539293091,0.7504586333793389,0.8410802848781004,0.6372008014410698,0.6299659858484129,0.7308250598413635,0.6872747435016707,0.8657259128704169,0.792249969037269,0.605171739688622
0.2928373391391294,0.31272634521452075,0.497421670388992,0.7453125465797729,0.767745211549044,0.8337782717492024,0.6426887031338128,0.6407580605711589,0.7194545867242403,0.7042847142601462,0.8946297404500694,0.7915568367960656,0.6176410615257915
0.29184632813081196,0.31167015278542015,0.5228471844986666,0.7754385781942376,0.7831528169594031,0.8864200770564236,0.651393242150892,0.6540490217513077,0.7572763911031755,0.735841352204746,0.9245322232516483,0.8143475615206733,0.6395812696921233
0.2923282084711091,0.31203010081055205,0.5148038494969235,0.7598945412790168,0.7636511315577057,0.8741830995371233,0.6588746524973536,0.6441110276899822,0.7560819622374865,0.7206372891403406,0.907183732202391,0.8080016544246329,0.6305979771447746
0.28990821819169005,0.30996901881585603,0.4955614013586584,0.7518968866170649,0.7611143707966077,0.8369472078253222,0.6401464527154745,0.6395823550377494,0.7224544714515633,0.6987245220158096,0.9062841940657159,0.7952181170580518,0.6149529209694553
0.2903363045442316,0.31050429952692127,0.5103479867628623,0.7477216028387494,0.7561062975782652,0.8576615157078302,0.63339195704303,0.646435036447965,0.7414765066040024,0.7063093322462072,0.9138486529630651,0.7891718842527634,0.6173657285115867
0.2893806715983373,0.3092829109793228,0.5394476213547743,0.7788837551166905,0.7923773420247334,0.8822535680813162,0.6751236011418028,0.6599795211291413,0.7858261867547693,0.7359832588602039,0.9505665589267377,0.8264307954145598,0.6588634195450084
0.2897932935473041,0.30961140868296716,0.5365977689635937,0.7953596787472429,0.7958149269699574,0.902501121147223,0.6781842800715089,0.6608407714912514,0.7852761389422986,0.7435128893803405,0.9498248596943688,0.8534078957331122,0.656190969122581
0.2897029355621733,0.3098834638388668,0.5376755588694452,0.7936480777149018,0.7968692031321151,0.9105550203887598,0.6715932871136969,0.6689895231063374,0.7845266258567344,0.7507394895314652,0.9638132634797559,0.8460323972997364,0.6505710418065462
0.28922736168133917,0.3095234211160521,0.5539416799447618,0.8151943379322736,0.8219761530718129,0.9370842813537889,0.6906171947532155,0.686908652100435,0.8090714235749314,0.7806853679653415,0.9799610214095319,0.8687383780178644,0.6658553554786933
0.2914286499028435,0.3114497560844799,0.5705642330117552,0.8555134871409779,0.8529502858897442,0.9468681390622138,0.7084923024111378,0.7058903902071737,0.8236759904741262,0.800452339642603,1.004826123437551,0.9022713949592785,0.7066110582814067
0.2906909103512074,0.3106368308073951,0.5673783078523709,0.8429253184149915,0.8442394724072044,0.9558041649237504,0.7096205147018032,0.7125487836604258,0.8145260016644372,0.8019951884834458,0.9921231234429749,0.8948709724737324,0.69830327166347
0.28574392627396944,0.30622231493173085,0.537720381778984,0.7932880686028395,0.8153307490344098,0.9058460178837262,0.6651344645871448,0.6842799243830822,0.7732443521194186,0.7652592884187177,0.9600813336013853,0.8625830987422167,0.6659551971532114
0.28859951774892767,0.3088018393567395,0.5675207519950813,0.8294812139896592,0.8322287195260251,0.9717590564510534,0.6885595309099889,0.7104618785553551,0.8128869667169126,0.7941796211608769,0.9810190077195382,0.8940856075020159,0.6998281830201412
0.2861764305397377,0.30664961607447055,0.5745920066524978,0.8424782567208502,0.8388450399084464,0.9621641472488384,0.7010405057287918,0.7030019490682081,0.8080354987923444,0.7907006303535138,0.992008428571128,0.8989999349904525,0.6958598534938027
0.2863634100619146,0.30684806906972995,0.5817620229544934,0.8530399471602353,0.8398934087340026,0.9729809867962039,0.7102313780386604,0.7075523076281821,0.8185668125286748,0.8122120575147129,1.0029891387525012,0.9131537388026502,0.7182344443378658
0.2868732018510589,0.30726494606693633,0.588042064251386,0.849020035847431,0.8441939824835463,0.9820952333913797,0.7166177479449658,0.7141007196133975,0.8283939110531031,0.8198060339267415,1.0049389963813455,0.9137677625878979,0.7313456768796188
0.28229511508512356,0.30320386279752787,0.5710442231734973,0.8107235139221702,0.8197609241193472,0.9599256866516567,0.696363072928579,0.6955374115164009,0.8060709050293666,0.7938538572034357,0.9925549122441631,0.8904184980820526,0.6985899788609784
0.28381682387801654,0.3049175400655419,0.5850460116131321,0.8376512805526641,0.8364172435259468,0.9703343027363559,0.7121689241562744,0.7128922685989506,0.8263666667997006,0.8077877024877136,1.0045139008011303,0.9126968988409211,0.7223600889898909
0.2840231710598584,0.30496415931916343,0.5894237755109766,0.8266220245180662,0.8404207711563729,0.9733244167068303,0.7176284725728727,0.712732224441306,0.81970013163035,0.8224818997807614,1.0231477993458657,0.9174669612492711,0.724284729055113
0.28375703193901697,0.3047112323395047,0.5850019984073407,0.8578303769402849,0.8698221472371827,0.9824777856800482,0.7282981583885632,0.7174606654768142,0.8284211034818749,0.8257116961513122,1.0226842857394256,0.9334688922561796,0.7442801217281932
0.28396963253071167,0.30515614438979005,0.5925270941559061,0.8682952500214033,0.8688131904584768,0.998276186403205,0.725728730754953,0.7199300963751966,0.8278953966219061,0.8264227141784689,1.0559024351619788,0.940169263344822,0.7460288414574581
0.2841456255580764,0.3053564689822401,0.5894300406914658,0.8701425054540496,0.8765466235470536,0.9940233887814682,0.7194971854882134,0.7196440329398996,0.8266673745606132,0.8342031987655966,1.0524302143572273,0.9313303297866677,0.7447868464393644
0.28696237031184124,0.3081743527219408,0.6056754608918264,0.9012787483330937,0.8966121465616342,1.0198927048289426,0.7401857495459764,0.7392505100560953,0.8490526747698867,0.8524245750377786,1.0855952976605188,0.9489822718148032,0.7759998303472324
0.2863635461002298,0.30761029496612563,0.62517870223529,0.9128987399295491,0.8974916465781582,1.0464285247307241,0.7586210189997417,0.7522497800489906,0.8676828956746065,0.8730733115271349,1.0969168114495083,0.9675912833272025,0.7757826748542073
0.28614284660184247,0.3072708548338335,0.6248718357257307,0.926061939931779,0.9080993872240577,1.0431710253974382,0.7670474767912947,0.7433828521340986,0.8740887156280571,0.8772238022850898,1.0983032644316855,0.9713051513142819,0.7811038425209156
0.2845897906544912,0.3061538814902914,0.6209347331761884,0.9325236925184687,0.8982342571910811,1.0403287408732673,0.7604013839789966,0.7392499511462253,0.8638742588990579,0.8609956651290132,1.1120747276662775,0.9656855617597857,0.7675844993293788
0.2820449214020585,0.30374960108787635,0.6171562778126811,0.9195623202386644,0.8869639544056077,1.0260183092508954,0.7586353559706827,0.737445481316821,0.8521137074096001,0.8498841399445588,1.10091021574872,0.9459689563102144,0.7564819205296776
0.2862772287753873,0.3079242283295112,0.6445322526487186,0.9779949512388102,0.9294753066907869,1.0795968905005342,0.795940836966061,0.7580870531537776,0.891670621233024,0.8922195577963863,1.1444011211151446,0.9889547481873847,0.7945567101753861
0.2810923107882069,0.3031485042359946,0.6157938649034086,0.912902070569865,0.8728056358671893,1.0357300154120956,0.7482407232562105,0.7392761364728144,0.854557655128825,0.8363396897328621,1.1031119285660784,0.9332603165626442,0.7479718570403484
0.2828105797915212,0.3047345472650895,0.6295905737032816,0.9355665140638278,0.8849606417944167,1.0554775240011514,0.7689949976811301,0.7431321845785583,0.8759911921054531,0.8569027176171188,1.1314082256765128,0.9567196400413203,0.7653290148181422
0.2831838950214362,0.3049145413541983,0.6380257189549394,0.9467910948182471,0.8978717948813056,1.0547388115535477,0.775934098827444,0.7455394161397482,0.879409644188868,0.8823357166527741,1.1436172706068268,0.9583633978974141,0.7866754874114509
0.2817147029634489,0.3037431261417412,0.6366818300065752,0.9551231041169631,0.8951128005563825,1.0553368030530943,0.7664315869994387,0.7549663160776394,0.875762972647727,0.871576758033834,1.145158384282488,0.9586143655776412,0.7763831705372615
0.28201337122240633,0.3039168330233519,0.640290707779076,0.9362297191858712,0.8907378138086774,1.0554374032812506,0.7624686366623226,0.753014084148664,0.8880409214221885,0.8862231994648954,1.1411390156089247,0.9518218222569435,0.780268472764636
0.28026563266780735,0.30283744358440207,0.6203346521416675,0.9296936414051612,0.8687160272422251,1.033014400770329,0.7477037724133851,0.7308749383175397,0.849467126626035,0.8482354021014021,1.1114677328743583,0.9230176913767937,0.7540748140907714
0.2828521111528115,0.30523874621656377,0.6446112825313691,0.9511797551371491,0.8835373513531838,1.0711555770439756,0.765925498831375,0.7480193403374235,0.8941635411092906,0.8746132670511916,1.1643545055352822,0.9619625893241226,0.7859894502165871
0.27923218501045455,0.30158646062659833,0.6295984594409475,0.9333632054788854,0.8684214259827213,1.066319842163039,0.7486465733006612,0.7390264260802738,0.8804855503291367,0.8704538599445816,1.1410112480563304,0.9356573809522333,0.7731067936775045
0.2779377826358146,0.30044120168217864,0.6221286599382075,0.941764036153007,0.8563060883950846,1.0583307063848646,0.7439528468507425,0.729676866600021,0.869453682091694,0.8435943617994002,1.1192863252707168,0.9249596689797727,0.7547647130765829
0.2759610003846936,0.29832349589334317,0.6142038540029565,0.93805262711793,0.8421869217511546,1.0612689794463432,0.736534125098234,0.7281382949522507,0.8653743879885846,0.8402269419924377,1.1115976645440064,0.9038019542000084,0.7359722074334683
0.27747872471816926,0.2998152626962277,0.6193970275126163,0.9434145831369213,0.8533887839041022,1.0822753787649209,0.7298821802462949,0.7395327309796269,0.8877561947389284,0.8538049335367803,1.1146558831333437,0.9174179648198431,0.75927835694109
0.27515358516101507,0.2976774215042213,0.613678594171293,0.9583683040460844,0.8540152109567731,1.0729971674517025,0.7340517509514137,0.7350024006533035,0.8710094658938567,0.8369462241259739,1.1044971395148229,0.9079306359110999,0.7606937283913959
0.276966041410264,0.299341329338635,0.6133326037801898,0.9557110239503294,0.8520647041427832,1.078873308087581,0.7341792346903507,0.740701590841396,0.8655597525018475,0.8394868237763569,1.0955826350239721,0.9037349949209486,0.7603821032251356
0.27719465452342007,0.29985826888460504,0.6207026121445046,0.9568728879903204,0.8454267018756971,1.0719624132004326,0.7351484287567431,0.7402828975729315,0.871885378831674,0.8376447896364798,1.1073600008823479,0.9025944067121366,0.7677609682457762
0.2764337948221954,0.29921843793722475,0.6265419973911435,0.9804949517557696,0.8667654869133959,1.0896816865569912,0.7520314267593484,0.7459860301611333,0.8869477892060927,0.8521055755850697,1.1123127312868888,0.9117741992263254,0.7776953760615434
0.27366703654708635,0.296393417607568,0.600687500500358,0.9635114711391474,0.8386595626256284,1.0623112949735878,0.7284615552610941,0.7266880116451767,0.8536257796655491,0.8274676515313953,1.081486825667005,0.8816917655533387,0.7476026302892501
0.275598146032968,0.29855848305922056,0.6224367624013665,0.9806638072641892,0.8532431899551206,1.0971528944485085,0.7361885083922048,0.7370703414545499,0.8788551973605397,0.8455863729886316,1.100533511433145,0.8924104118023006,0.764911020124387
0.27287476663243565,0.2960753279383425,0.6054322130936542,0.9522495998296424,0.8354475843872575,1.06260462585612,0.7235175094104764,0.718894341327736,0.8583512957560168,0.8276009879616053,1.090726835027317,0.8734726501410838,0.7533904828943734
0.2735387225562656,0.2966978156695794,0.6129724088891055,0.9607541229198825,0.8389518354931497,1.0906648733349449,0.7157490012454507,0.7230375218705125,0.8619765768621425,0.8430202319992329,1.089713021557978,0.8664090071769428,0.7661464303126317
0.27359345966423015,0.2966372465478191,0.6191705589152485,0.9769764453973887,0.8422635895221532,1.0992845318446256,0.7248124817991973,0.7377831841987611,0.8778361084147899,0.8462298349603463,1.0902622936334116,0.8729228308234398,0.7786294679683157
0.2736779523321713,0.2968450812874067,0.6109985944893602,0.972577286881669,0.8421330155155845,1.085485075376875,0.7191826905135157,0.7298087217154469,0.8695899370475536,0.8411180068030011,1.1022469657852516,0.8683831476996138,0.7718027191447717
0.2738825787009691,0.2968854275718407,0.6259582836065617,1.0102669130043913,0.8618556033396755,1.1219459670746414,0.7393247217467127,0.75133681431112,0.8916971937837419,0.8620934511512754,1.1208747197097149,0.8900167859299501,0.7881870770418524
0.2739369789736485,0.29703199117972284,0.6332674825916544,1.0080853948136412,0.8636736812771886,1.1228314467848768,0.7578503336840289,0.7510901800556659,0.8955513034009047,0.8781191637325976,1.1279327847096345,0.8908141681293807,0.8025475597610358
0.2726592595774854,0.2957273160621151,0.628974916876419,1.005011861294832,0.867520617634483,1.1177338111620905,0.7381620049599366,0.7513463133033439,0.892428930977668,0.8716612279885884,1.1153253005006296,0.8877248191545944,0.7946688809860101
0.2724272768142259,0.29564791465814844,0.6252031113203159,1.003180589449913,0.8486605565722648,1.115843776955465,0.7471882170444618,0.745947991322373,0.884840677862218,0.8614185378270643,1.1276739583484017,0.8769858257609587,0.7807119384406649
0.2722780802973855,0.29533849227506204,0.6164484490969924,0.9899346475240691,0.8494180301761105,1.1076521801849608,0.7426111257958466,0.7460001010255904,0.874155297912079,0.8510276246075675,1.1199578650779627,0.8735336314266978,0.7800172599609557
0.2725191742702702,0.2958620782300421,0.6341860916651245,1.0189375454832286,0.8732134161960821,1.1343739638817123,0.756355281807236,0.7602261487964752,0.8959825943041955,0.8704512139654084,1.1424900711854196,0.8804061590389263,0.7984666273817511
0.27177502012606986,0.29512912773506095,0.6298967318330175,1.006014448115473,0.8635041130842179,1.1338600696738244,0.744358442519229,0.7659843576491914,0.8929484188806287,0.8632358296052413,1.1318921101019623,0.8789375672249724,0.7895027920626518
0.2742529483393041,0.2971852334034923,0.6354267551829919,1.0316719315186886,0.8668095403218191,1.140768695193909,0.7543131704558286,0.7789426236924791,0.8982485545092285,0.8676054641998117,1.140183819967779,0.8828247449405526,0.798759947196979
0.27128522490710694,0.29479313682115504,0.6220715667442258,1.0129403902245697,0.8712790162497706,1.1419397769780582,0.7379157493315164,0.755407849010802,0.8837138285462017,0.8607271101011156,1.1280987756192236,0.8751214835585637,0.7860853134919313
0.2711344365315291,0.2944231166744876,0.6232089750834618,1.012301418561228,0.8586793308105111,1.126208561468112,0.747324072273035,0.7607734961769933,0.8801386703222545,0.8548059586332769,1.1249570644517832,0.8674515242042907,0.7808971318346788
0.26994796085591866,0.2932681147268997,0.6173068165954427,0.9985315273695633,0.8534524550188278,1.1247743651881956,0.7229386538581283,0.763000433137004,0.8685012077353332,0.8539868600401047,1.1160059942274663,0.8619701106888688,0.778792509689916
0.27019484451544173,0.2936348139043767,0.6024732685418611,0.981025402236704,0.8269474745261459,1.0846607048142776,0.7182135228383105,0.7391470444280214,0.8581541269273475,0.8068422676178583,1.095612983127923,0.8302405022159086,0.7587435393151967
0.26949332206353255,0.29298657443158793,0.6084142001733692,0.990402764801282,0.8320065421643938,1.105913186927941,0.7261633458277033,0.7497516651055632,0.8678071497115083,0.832060029274509,1.10300050718727,0.8400379952790689,0.762179298344826
0.26761032327114626,0.2914489435826301,0.5982187123201828,0.9503368126114589,0.8075177782868607,1.0865899821052687,0.7073460546025367,0.7389722691090267,0.8605134696743107,0.8107036279712913,1.083219903330245,0.8123721095378287,0.7445184567989719
0.27125284949862344,0.29489901723616285,0.6250658703815827,0.9941127196751164,0.8508100807007973,1.104054466266277,0.7511351902543689,0.7663414877111004,0.8855999485971761,0.8524850662553972,1.1264167061697459,0.8548286172140209,0.784940408034954
0.27191966530963607,0.2956526053172617,0.6386546981545045,1.0368088737079877,0.8622471204399035,1.1386756004470513,0.7566066306297046,0.7673812864751988,0.907706167658338,0.8586100554503,1.1398313419203,0.872492911588648,0.7944718648552159
0.2674534431408746,0.2913883424667056,0.6127875672154196,0.9773590032098562,0.8395383080385221,1.0861573637341642,0.7249432550918112,0.7503264213011919,0.8716849724013911,0.830651409612639,1.101880189108878,0.8283591528627825,0.7638241559883086
0.26671201179346754,0.290795390399672,0.5936556450139882,0.9592410871605512,0.8128926163525615,1.058864583125788,0.7117136258178216,0.7308607561018806,0.8468403429571496,0.8123854592719774,1.070198186371073,0.8092788047248914,0.7469579128192503
0.26932318008422035,0.29342736223439586,0.6114954315855031,0.9875720896788098,0.8366632972505508,1.093363828719624,0.7349158402361808,0.7636352938610146,0.8691469372248137,0.8430148283893446,1.1101134357046039,0.8340402925487821,0.7702441586726745
0.266953628778482,0.2911398997153138,0.5945884225275306,0.9647311632724354,0.8104448160750162,1.0668043938162755,0.7131948758080809,0.7332621136759566,0.8495454712131445,0.8091976809065016,1.0779236820765667,0.8072209520312497,0.748567875947961
0.2695404939646783,0.29384981955705375,0.6247400676318514,0.9826600528247247,0.8446458477029153,1.1050402429705974,0.7318102572358371,0.7588147304739654,0.8806928974854392,0.8468975440651244,1.1307916766319783,0.8357853421509631,0.7785426629134312
0.2668301775087339,0.29114493190496604,0.5868351257430082,0.9520909875745223,0.8018286637503877,1.0675313064293204,0.7010196659474427,0.7327544667364339,0.84417424706074,0.8077318243285827,1.0711034807879016,0.7983183885875563,0.7420629949966541
0.26853059199861445,0.29272744135716516,0.6118965211604718,0.9854145047602102,0.827235356531721,1.0839316152913656,0.7260780899315128,0.7641091968831791,0.8643863288869766,0.8259528476411455,1.1122006264038948,0.8168026428948751,0.7671015501101017
0.2685637047000289,0.29304029858773945,0.6042948890368063,0.9720597712677823,0.8242518072928444,1.089132592380864,0.7118202352157754,0.7464803776633241,0.8687367466866533,0.8253232413964182,1.0994398951752493,0.8128294522117308,0.761485020111479
0.2685878090437953,0.2931277106197203,0.6142631654065565,0.9911206897715272,0.844908266482356,1.1032007041748721,0.7296979031603442,0.7614744087950343,0.8813490577357246,0.8331944139432879,1.118875002432641,0.8363822076712181,0.7780876764651837
0.2678175505860738,0.2924236781375245,0.5911601275720453,0.9529852083438675,0.8191657839982638,1.0818165932972317,0.6986365201184667,0.7464681511156019,0.851879729488996,0.814306924463104,1.0884175882323452,0.795959161573478,0.7444316718805123
0.26719582000002684,0.29198616111461523,0.5969907593698981,0.9659208222882345,0.8273748251374516,1.0842065678029158,0.7095861368310014,0.7424383113218553,0.8576199762874792,0.8123643801979065,1.090571432680004,0.8102758331404977,0.7489357689365255
0.26839599824189286,0.2930743187101336,0.6116556228022757,0.9850436209624418,0.8451711236927631,1.0937145934769197,0.7318083654183072,0.7611144658559542,0.8796549677721838,0.8278719034946155,1.1055556606998072,0.8285255941049465,0.7691242514002781
0.2698352040033601,0.29453796015383277,0.6137037621490783,0.9863542411453257,0.8578010781103063,1.098445507350861,0.7371453072976021,0.7571973635096574,0.8783665645969686,0.8371869179022984,1.1204019123047892,0.8312080196648374,0.7778720381199422
0.2695288108228144,0.2943717936794266,0.6024965719119472,0.9816306364810987,0.8408384923569986,1.0880832766641477,0.7184940083381165,0.7522525846872011,0.8814392951310182,0.8178013148309625,1.1027877546125535,0.8152237256045592,0.7579738858359124
0.2675150648179242,0.29228792292790495,0.6091266229785348,0.977739163410019,0.8426963374711344,1.092427582070997,0.7196967029604495,0.752913180108831,0.8740492787442692,0.8302838620469906,1.1115330000975197,0.8156479648085129,0.7692987897640243
0.26816737721828765,0.2928483239511157,0.6041779910068467,0.9776360935040069,0.8424717528601814,1.091888249992411,0.7301266608889813,0.7619493921122654,0.8714707460654703,0.8249449261956275,1.1160629985969013,0.8128353320672802,0.7650105335418486
0.2685227260990786,0.29333045222344106,0.6153578581128363,0.9796861373806891,0.8425191568034046,1.0954081831736149,0.7185135593199841,0.7659577348735082,0.8836519320773779,0.8305717955725264,1.1194192952433528,0.8120486982340298,0.7748382543680576
0.2692936860224431,0.2939257023934752,0.6082293017590558,0.9822387570933059,0.8393577589365244,1.08968825867877,0.7073650824250648,0.7579210480418996,0.8730687667761473,0.8212130831744183,1.1104003095314987,0.8139043938417999,0.7684554919823788
0.26773734711272174,0.2926919650377312,0.5928979575531397,0.9629937820281733,0.8331871595835295,1.0623716527537415,0.704653148807169,0.7484350283768137,0.8577307254354862,0.7940496162613637,1.0879275867582627,0.7867218071581543,0.7577944386355528
0.2672852632953713,0.2923344554484095,0.5960340170528284,0.97471676021422,0.8322776701387483,1.0800723423646115,0.7129197122985691,0.750222207603049,0.861445940966364,0.8050368693457977,1.1057316761534823,0.7918779234310666,0.7549495275932125
0.2660530506003844,0.29111831753573625,0.5797379097679942,0.9516768676439926,0.808000759002129,1.0439499926406726,0.6897350856801692,0.7357048747032235,0.8393983434516602,0.7843877195094464,1.064934486288663,0.7661321707838581,0.7372111900777698
0.2669632946828009,0.2919995944189814,0.5946301840160819,0.9720713882039556,0.8352335814081194,1.0698107141289557,0.7078176528810267,0.7513886730782171,0.8600586706541521,0.8065263975981605,1.099133300258782,0.7834456692118785,0.7555837975496734
0.2655561154843346,0.2906531712265817,0.5905662148868636,0.9668895976007574,0.8342826109537369,1.0679683305549463,0.7061446126582118,0.7510635395998747,0.8513239896205301,0.8085007640980975,1.0854839573093074,0.7856871347783643,0.7583122418717395
0.26665376287316817,0.29164737063502183,0.583525058857518,0.9723490816578882,0.8290243288905381,1.0639212231194493,0.6970798215736405,0.7475675417141336,0.8338679212294279,0.7919071404613772,1.0721338353386822,0.7777915525300327,0.7460437445649338
0.26422346999652424,0.2891934559667333,0.5834010213754706,0.9511667868850822,0.8125287187938661,1.0445531686986471,0.6919815973423717,0.7379235456477862,0.8362350447458972,0.7838815852669558,1.0845505995868658,0.7674158951586266,0.7426725789650406
0.2648955809640911,0.29004521532421795,0.5821052834432786,0.9448438028287761,0.8108135589924257,1.0485355617098333,0.6931526086799807,0.7393412873981059,0.8360525468033868,0.7860944421256323,1.0876163611018903,0.7603031467195593,0.7389625164340294
0.2656842577269299,0.29045081347105045,0.5934624946355473,0.963647549630759,0.8197099217855129,1.0621702991627073,0.6988059282205679,0.7508292045745318,0.8523193140543799,0.7933551139158235,1.1033718155132968,0.7791771684458374,0.7534613881260213
0.26658785095313264,0.2917070912428569,0.5824178301558778,0.9634167745656516,0.829127988216907,1.0517060442121724,0.6956352913648818,0.7474350207221014,0.8371708005662993,0.7843464181726602,1.0809527735259343,0.7705520043077506,0.752551607108228
0.264434085314677,0.28929453460111054,0.5757866736360364,0.9617346368802684,0.8169571559901091,1.0418325055674544,0.6847776936995333,0.7434711469083137,0.8298219743517946,0.7837333566807825,1.0736053627823117,0.759910211369104,0.7370658897645556
0.26580506937410014,0.2908676405446932,0.5847958811376865,0.9602744224209053,0.8148605924213204,1.0512371018919406,0.6886727322484648,0.7501936248373758,0.8336834538970894,0.782929914607396,1.0824269660954606,0.7614306512910918,0.7459599919469317
0.2636373110497427,0.28856001217119287,0.5708945287423689,0.9420320091888087,0.8031049299250405,1.025875664344967,0.6755060820210863,0.7431186255208373,0.8161711578624865,0.7780581657321721,1.0675275104702195,0.7526648848288824,0.7313811035962674
0.2636038437386488,0.28862092253486166,0.5618929431541018,0.9359280581868061,0.798504397210467,1.0210701604822996,0.6694099767400731,0.7398870799385386,0.807436555562433,0.7671314105797532,1.0478755837967124,0.7290811653044348,0.7192673672004551
0.2661326290378726,0.2910452916113702,0.5835652416570264,0.9488328415832115,0.8190528149220929,1.0545915464596396,0.679800296948103,0.7551730390475752,0.8379244570293282,0.8001391156894017,1.0854570576141835,0.7653740729655262,0.757753595171362
0.2630514588489817,0.2880294158178401,0.5738986822645266,0.9343970011894355,0.8020854505528293,1.037250077494708,0.6750541245000182,0.7377547484968409,0.8164031050597789,0.7794399883645082,1.0721099995801993,0.7509483354244451,0.7372890362568251
0.263330754172793,0.288148166574311,0.5654707717528208,0.9387866719065303,0.7981857538387034,1.0283523039013502,0.6730461634082894,0.732004286838955,0.8071179189709765,0.7715679921516719,1.0580844096864115,0.7461029025889081,0.7247461128548472
0.2630815352666023,0.2880551434403928,0.5671777467502348,0.9304407977869319,0.7867452766155185,1.0244807335568604,0.6598055504182082,0.7373496993955885,0.8085305861014621,0.773331526880736,1.0483841065838606,0.7337095301181211,0.7220594780555897
0.26320052341302125,0.28824246354786637,0.5686578460600343,0.9282893950836866,0.7969736921213296,1.026656557089667,0.6783510126740823,0.7394910272831899,0.8150847296769628,0.7779537877210975,1.0631459678395196,0.7424799106978007,0.7244349602387395
0.26177764233637946,0.28686645371234387,0.5598069022992825,0.9118996802396143,0.777430730277403,1.0176393316526349,0.6478184279822652,0.7275209697727784,0.798621695323386,0.7687749291874719,1.0436737135892222,0.7224435716559933,0.7140665843691602
0.2623024547571052,0.2871795497515538,0.5752272853169917,0.9392784947109069,0.8052862589372015,1.0421478754519764,0.6758695763780983,0.7386067442776931,0.8236333476203747,0.7868234888035496,1.0760045033031516,0.7498814639158754,0.73240768798463
0.2635222440490294,0.2886152271962692,0.5626115468810877,0.9243354357662894,0.7929384870125156,1.0236696980818247,0.662978137698698,0.7312914649100664,0.8046484913066848,0.7671997453693763,1.0573360359817519,0.7335896053817494,0.7105395974228098
0.26207818527581445,0.2871531415327108,0.5651362879561435,0.9161011020617998,0.7798733177583123,1.0181616994127942,0.6611094383314331,0.729695666972033,0.8047249841273681,0.7688053045388953,1.050388910603532,0.7279896818634163,0.7180843472160731
0.26198966154374287,0.2871664218246351,0.5558737493719185,0.907114477120775,0.7674518800048717,0.9907853551359925,0.6485362432872581,0.722858045386784,0.7866217459807515,0.748841722254142,1.0310931796550475,0.7050339694968945,0.6941712284998531
0.26209542887412024,0.2871802446553787,0.5674438310520797,0.9361797109377674,0.7942494464236642,1.0357869830538418,0.6669273856991477,0.7336815442924655,0.8064954713991709,0.7674230874318184,1.0618996413203834,0.7346684226864479,0.7151663906762172
0.26127676841504555,0.2866717261654348,0.5516752396703338,0.9235900023752194,0.7788400129318219,1.0156985839026524,0.660353615423064,0.721076855253607,0.7848884039589904,0.7426950832873983,1.0454094068483224,0.7101079508363097,0.6899043225230129
0.2616383358068641,0.28684185595567796,0.5666672011587588,0.9490049141764397,0.7955363201920469,1.0330840561069914,0.6740810398068942,0.7354560800529542,0.8036627292634495,0.770884015844552,1.0612841745326806,0.7330116190637744,0.7069994252814713
0.2609374378039006,0.2862557143286165,0.5537783416426032,0.9246984497384892,0.7762173890669722,1.010782433697587,0.6491140030344176,0.7256952376011307,0.7822896492629295,0.750643225574511,1.03854786710327,0.7102814317002354,0.6956273505270743
0.262241148606063,0.2874879836829561,0.5562272571138819,0.9262278512847515,0.7746519131279711,1.0182633351137758,0.6549549368323067,0.7311953431462532,0.7793670412221158,0.7518981791080082,1.0518499636591199,0.7098592495116786,0.7042494842018208
0.261661636051896,0.2869466335103376,0.5627707373499845,0.9417475718332842,0.7861886786875327,1.028559577470207,0.6594258693368854,0.7299117506730057,0.7840820993246213,0.7614757697986337,1.0570174788655124,0.7225483109617094,0.7098615669305527
0.2618571353781179,0.2870446432035469,0.5598989902692352,0.9355864441830014,0.7810404282696187,1.0149321602234296,0.6579483353656267,0.7286994511627853,0.7795315220205917,0.7553531591269442,1.0544902146601958,0.7102193727697007,0.709820952501275
0.2618832274650608,0.28713374219365245,0.5556706615078965,0.9191672498098656,0.7645176269417185,1.0019240108193854,0.6477244071988183,0.720946454782822,0.7770485709862917,0.7472621452701455,1.048424561329057,0.699474808202167,0.7010072178972637
0.26114847932960294,0.28637616440402,0.5596325003157331,0.9288161745569264,0.7753905990877369,1.0036959531607688,0.6580269350524416,0.7198569767215842,0.7809364328158747,0.7501950669208576,1.0477185839798477,0.7066889660465804,0.7063911070755461
0.2617746328929733,0.28698732424955326,0.5682702101646521,0.9571600596829681,0.8041679892839065,1.0530045794240206,0.666513718249932,0.7398728095364174,0.7933388945041433,0.7736769731513697,1.073404599441598,0.731926532513961,0.7145962134359043
0.26157589335750653,0.2868589608747276,0.5597703851037111,0.9294458129187784,0.7852140659308803,1.0242630060366205,0.6577186647666666,0.7252249177011992,0.773620038312369,0.7465858439246803,1.0601024284870657,0.7098981346813414,0.7021679773578952
0.2600588284986504,0.2853629444590143,0.5569509590005268,0.9388621000592204,0.7898563727664389,1.0266608013733651,0.6536646909834911,0.7307690004794541,0.7769361142458214,0.7558193736124861,1.0604062832525216,0.7079305592324528,0.7017744904333979
0.2608787131776875,0.28632831706198975,0.5571926368461783,0.9258960918462442,0.7805653609234386,1.0262462293660726,0.6552402838784532,0.721478147051132,0.7703106307940192,0.7514941726282485,1.0529618982029736,0.7014203742533272,0.6967568795526203
0.2600104004725771,0.2853144500770111,0.5608186747345084,0.9472065808572852,0.7825919730818274,1.028121381211079,0.6504232828057898,0.7305465044573569,0.7759604885197219,0.7524660801230877,1.0652162115959656,0.7060197403008629,0.6965929801178744
0.26204214532505166,0.2872730189903202,0.5673355637880917,0.9535439163674809,0.8018904888597402,1.032200759544523,0.6708900120467696,0.7422486762487073,0.7858241879637693,0.7706496785717376,1.0657000897961633,0.7149985783869047,0.7094195065660137
0.260949564912238,0.28632724512980484,0.5602619463521067,0.9311924204649693,0.7821821149386862,1.0048716041089536,0.6566386163788862,0.7295347221542179,0.7700516799155966,0.7515565345606796,1.0474004883739245,0.6933029602558045,0.6999111355261369
0.2607884395398853,0.2859963144781473,0.5745278438095424,0.9646322609076248,0.8041726005493581,1.0423825139286116,0.6725052871051869,0.7426401560972957,0.7833227572948884,0.7715390546359066,1.07863430739265,0.7214211211953757,0.7236252183395739
0.26101651397446596,0.286194685094438,0.5762191638666484,0.9548055473325998,0.7957081291693255,1.028859269830695,0.6758554443724587,0.7435408465277126,0.7867500044087652,0.7699093646258459,1.0799921564589599,0.7186903320014688,0.7248576210758532
0.26097994966998767,0.28607564012625103,0.5742580530382213,0.9650469002661088,0.8065676623022113,1.059534571759617,0.6664070541543823,0.7411608868766915,0.7894816218672189,0.779896611376216,1.0832585646458468,0.7246179980531186,0.7212384671469735
0.26147027875131607,0.2866542048826805,0.5692582726564325,0.9599591560702168,0.8006652918424707,1.0282488563636571,0.6715484855801095,0.7450126730234602,0.7707447743743872,0.766849152534186,1.0819314603832486,0.7146395186026917,0.7255916727819366
0.26183299066966176,0.28695357025214957,0.5657169034936291,0.9770491157103568,0.8064469909880723,1.0466382819530333,0.6614543670506701,0.7482216611504211,0.782878396907448,0.764113375443842,1.0824722228963248,0.7244915253502245,0.7101542212009235
0.2606583682564768,0.28588438141074457,0.5688709791586197,0.9375621743775042,0.7816427961010841,1.015696989949173,0.6508459855023772,0.7404965653099189,0.7754824428383853,0.7639798391378021,1.076291540199382,0.6989458817677059,0.7094003608646511
0.25907802481965325,0.28454822662136897,0.5719241315422608,0.9422802800488358,0.7932266910173422,1.0251826137255717,0.6585256284584978,0.7417609051220032,0.7776149459713109,0.7731232981256125,1.0777179071402432,0.7073624249849694,0.7067384124483056
0.2605323811124715,0.285799796942568,0.5659889180206072,0.9413765329110018,0.7899247065336944,1.0217433604269879,0.6580625912794685,0.7436102186674814,0.7753196081267649,0.7620242226013002,1.0717805823054813,0.7047052669983708,0.703780620779876
0.25969973515658884,0.28497991560797403,0.5652341693915216,0.9477568859172326,0.7842873631411361,1.0250380237721732,0.6571120147648247,0.7319336016185267,0.7771804173224793,0.7646206203676202,1.0723070743295107,0.7050062073570527,0.704124314745721
0.25902332675708833,0.28450983361457005,0.5679708006578823,0.9553674006698151,0.7973524475344338,1.0379194947332535,0.6637519048530341,0.7439031001273708,0.7759801748013914,0.7683650361872076,1.0776438610399142,0.712117684936724,0.7090932594609801
0.25921150942733223,0.28445134229110414,0.5634007096179993,0.9591110956152683,0.7931104012515429,1.0409234896019146,0.6528825102240196,0.7420186829085197,0.7705329531447844,0.7625297338165129,1.091158911933361,0.7060156873712009,0.6993276475470289
0.2606304675421591,0.28588531143782503,0.5669255307312665,0.9545105125601614,0.7968545227292703,1.0270357661279874,0.6510967539832647,0.7431420820060451,0.7706623474459596,0.7525667268298124,1.0819843749915787,0.7095905029535772,0.7076751474839936
0.2590666945759521,0.284369600599808,0.5700993507376405,0.9531900962290548,0.7969784833063007,1.0360253552530925,0.6602394667804472,0.7478338346601507,0.7753784041000151,0.7612907131844694,1.0857816306744406,0.7133460834006708,0.7061877709466818
0.25971640432270177,0.2849217330684311,0.5683706001394311,0.9554745688710027,0.8057999149826371,1.0327832266711867,0.6710048281661449,0.7487648962407036,0.7739295193783055,0.7652122750425431,1.094904923208772,0.7192777591646465,0.7014016628301654
0.2585892307821354,0.2838928135070658,0.5648166160004973,0.947690594802313,0.789039779373045,1.0280513728247629,0.6620395654648191,0.7438170520984305,0.7647403216468283,0.7529943472675552,1.0896549250531946,0.707263190574482,0.7047436091316639
0.2602497371959053,0.28553184683696675,0.5669691795175759,0.9478796952848213,0.7964408833948955,1.0301093956475358,0.6603286051628272,0.7469499151721786,0.776700861633773,0.7587556982478804,1.0772308834757103,0.7110637601107895,0.7002306161242255
0.2605100602176689,0.28564373593564246,0.570926309441855,0.9490063088257884,0.7926171533751583,1.032192000040488,0.6631590014849938,0.7469281537875923,0.779204668166902,0.7681738797424675,1.0768389404528314,0.706910560914683,0.7072180937797592
0.2611139232303987,0.2862669038241587,0.5658727133303574,0.961298124472037,0.8041339935609548,1.0339120356921234,0.6578580796115783,0.749766553476491,0.7737206331341957,0.7546073310346328,1.0843871460213448,0.7102594395707382,0.6975621483215207
0.2592028173749337,0.28445414988078527,0.5648440957791951,0.9611522394931519,0.7994838454186686,1.0316261520782386,0.6609268985670502,0.7480077746816185,0.7741323253701076,0.7493798609801412,1.0889547980008245,0.7082941218623489,0.6903543092992238
0.2615494668860103,0.2867037475410957,0.5665833474230916,0.9386499131508205,0.7897938586204472,1.0297063482266133,0.6618572090189274,0.7421450721979131,0.7744147976190005,0.7541848634782202,1.0836760991800996,0.6988565498875389,0.6938091835865683
0.26109412313483604,0.28633430291949297,0.5659869954897355,0.932226715880984,0.7874818720148885,1.0178566773816737,0.6500610058560079,0.7376246811401727,0.7766387654517597,0.7572593192932261,1.0736931059789945,0.6893226057174506,0.6906720350342235
0.25984826101545927,0.28516819294870094,0.5611531950215335,0.9434298324842826,0.7917329891131186,1.02925415922696,0.6517132841728469,0.7389652594402861,0.7690168535597519,0.752565876660582,1.0755015417042297,0.6971657255279023,0.6793687910183304
0.26033567766652604,0.2855158499736086,0.5687638146294468,0.9509743547356415,0.7980184791306286,1.0348732686239803,0.6573875976632062,0.7472319858312602,0.7823312326711797,0.7493723751865814,1.0947290012508608,0.7065345329006961,0.6906838899672617
0.2591123038699078,0.2844207199177743,0.5634163631478729,0.9536994201475966,0.7886605435767172,1.033358102914655,0.6506566786603775,0.7339032036890596,0.7727135211118394,0.7439743459824795,1.0868312070803818,0.7017380027478428,0.680832083401953
0.2605344996383358,0.28585475983380854,0.5724512389528451,0.9627911152375572,0.7958813778684609,1.0370390380230923,0.665758134596998,0.7461395344239802,0.7823738959898909,0.756156525354381,1.099557724409687,0.7079772844850969,0.6979503606699045
0.2579555383679477,0.2832917014118912,0.5696457107380132,0.9471109889850678,0.7935354336974997,1.031638565698212,0.6648618503052433,0.7403169042792315,0.7751648275964798,0.7468505260838225,1.1121294415194203,0.7043866191519954,0.6884010722105766
0.258444082954815,0.2838861963521525,0.5537695290058108,0.9385096785959015,0.7734461675212227,1.0210409205579958,0.6440414684577013,0.7361171838011955,0.7608037001099365,0.7335976356404321,1.0853397631609558,0.6897480224427869,0.6692001187199045
0.258053757484649,0.2835146264441394,0.560414426013385,0.9476540290737663,0.7875309647494775,1.0214221109871595,0.6536039230674224,0.7383857380641807,0.7639430084377473,0.7391703376763932,1.0958408476064072,0.6980193016980635,0.6736768052224004
0.2578388335141606,0.28342884933515455,0.5725389840311687,0.9611377187010567,0.7914426980330137,1.0409330288877339,0.6594069457724321,0.7428533022024248,0.7714735881648841,0.7543408434218429,1.1107364483644364,0.7027139264904533,0.6910649719353261
0.25737405732051305,0.28288923600375065,0.5632986183459947,0.9503896858212716,0.7819192187374542,1.0170315114454602,0.6566212909334374,0.7381291004465195,0.7629112044002632,0.739005631773883,1.105297749936479,0.6990690922768413,0.6808861311385027
0.2571702080440337,0.2827648210838921,0.5701730588904966,0.9745038334485268,0.8001163058808175,1.0333627696447096,0.6577102365494301,0.7472771692801883,0.7729354097508313,0.7546537069474645,1.1096068391776992,0.7031276462442545,0.6892925881314025
0.2579182713614914,0.28340587649289645,0.5756799748328774,0.9570618879427549,0.7937321220641596,1.0325506517750824,0.6539048217085556,0.743225312348827,0.782167081416669,0.7534454951841244,1.1122666250042406,0.7076225125790901,0.6872507181742261
0.2564398248893522,0.2821872884201508,0.5778611974227418,0.9530226854602836,0.7945648477043649,1.0325297580146646,0.6593042802350143,0.7436673728785518,0.7877570067995745,0.7549747624321701,1.1303736195940355,0.7094127624995468,0.6907488884062026
0.25705058810736436,0.28269349604367944,0.5775855154487282,0.9664064493357377,0.8025149356540235,1.0430397915541099,0.6682959797589442,0.7507318773077225,0.7886372124035556,0.7578148996831269,1.122903347392813,0.7146890720250975,0.6908941189219989
0.2570137387831387,0.282601714844459,0.573475078202269,0.9642388238533307,0.7979742896976554,1.033102870536583,0.6587745687349553,0.7446454459345181,0.7815621362234654,0.7560128693493594,1.1219683270370668,0.7146859452583941,0.6868013543621813
0.2563368795298817,0.2820037984571754,0.5658714999089907,0.9575817609760457,0.7846751020025564,1.0237289928917914,0.6459914772385874,0.7358840607263695,0.7720521354579254,0.7432992510523325,1.1078089611230877,0.7024963209562171,0.675412165056802
0.2562105147966128,0.28191465146823286,0.5722717065219791,0.9506946424658594,0.787349984443744,1.0321549478217393,0.6539695892024261,0.7377679054148008,0.7784425370127758,0.7502749009811468,1.119092651602671,0.7042899335807248,0.6777568741613451
0.25715722929632884,0.28289570029444255,0.5716534544534418,0.9618361131755104,0.7949700420765765,1.0335013129057384,0.6603153708836692,0.7427052027769023,0.7854076224298394,0.7562120654595239,1.114879022816553,0.7108759255433527,0.6804702005918509
0.256742533299701,0.2826256621517793,0.5672759617307188,0.9545616539495124,0.7877562656618454,1.0368113634469658,0.6534286096805179,0.738163616703948,0.7728488458497753,0.74601255711262,1.1134766365615014,0.702083168728819,0.6709469982558871
0.25611201366297376,0.2820116004980309,0.563830323247441,0.9527571865524284,0.7856215392784669,1.0272771137168062,0.6485039300707643,0.7339404502894862,0.7700060595754978,0.7463304879657598,1.1080473391037797,0.6971768008738012,0.6705449539334621
0.2562550225301459,0.28219011257222165,0.575350418638344,0.9716152288248459,0.7920426233064055,1.0469033674543855,0.6634482277151573,0.7424145132121756,0.7803825339609807,0.7623115309403746,1.1311824108373338,0.7143666665455763,0.6782633352638606
0.2558807821844143,0.28172408203413024,0.5746053282122703,0.9634345373602006,0.7959537632182977,1.0391949317014044,0.6615652500321126,0.7422792665373338,0.7798167969228976,0.7496434319503156,1.1208856505411393,0.7098036320956238,0.6744566842663825
0.25712543067702337,0.2830093307974406,0.5844826938494118,0.9778300743208856,0.8065850141404967,1.0456962156344483,0.6688553096814479,0.7489372011166174,0.7916530212361976,0.7574319075487583,1.1338733886590449,0.718761233084659,0.6873332779906349
0.2572707013091363,0.28310777438546286,0.5794718575308332,0.969266482819113,0.7961353643767884,1.049428452405248,0.6622788812316424,0.7403722511936079,0.7798285059131349,0.7556363961950185,1.1378127773249334,0.711268298429602,0.685855814781647
0.25821314250359906,0.284233819476362,0.5724079756004065,0.9606349023576682,0.7868250261278276,1.0387518380206644,0.6565059630440422,0.730320103045146,0.7656006409900407,0.745416230557731,1.1069216201482308,0.7057721712184999,0.6744294084848996
0.25665155606574114,0.2827236674924821,0.5801385056341862,0.9882995384478022,0.8002471050512695,1.061101163360995,0.6668230895888749,0.7313143973200709,0.7750244256472582,0.7535994441927907,1.1296424003516852,0.7146619566532668,0.6817465579598934
0.2564265373738026,0.2823404547153537,0.5859251509753702,0.9811722088324701,0.8047663375510103,1.061903186442334,0.6741637510349691,0.738101775248289,0.7863851111785772,0.7566719633442924,1.1498824355665496,0.7202007883414843,0.6922822684501322
0.2570081078746987,0.28288748382435164,0.5811611120320627,0.9742369244194193,0.8032914231860161,1.0465664410259163,0.6652310236920387,0.7354917119582072,0.7867325699008735,0.7519435891664209,1.1358662315749062,0.7187501491263029,0.685828385842813
0.2558419174036328,0.2819765944548354,0.5783423091306332,0.983063477176009,0.8039261719996804,1.0609445749911866,0.6811680535779883,0.7316587692657849,0.778534726842487,0.751976304876851,1.1465148339317843,0.720080961749173,0.6808487548880909
0.2565315123337764,0.282508012232722,0.5985562779489416,1.0147843848350895,0.8291504204675298,1.0911315942578312,0.69243642994633,0.7458832243333965,0.7948402253868059,0.7765433604015053,1.1707877710505024,0.7509083100227208,0.7060325415437797
0.25565876575367513,0.2817931974211644,0.5885207649989728,0.9925049097169373,0.8188392726399139,1.0655480136353708,0.6812776212082233,0.7449296460063779,0.7884568237474897,0.7682567945215253,1.1553988398252306,0.7348176412903441,0.6988221476002744
0.2565658210803465,0.2825707298325282,0.5783791149119492,0.9930630838491312,0.8116459143475465,1.066962585238847,0.6746623450006484,0.7349639805098593,0.7713735427606931,0.746109037852594,1.145098996968165,0.7261280805622448,0.6907940893428437
0.2561648309282782,0.2821803420835004,0.5775186954483602,0.9940576895272474,0.8064697365740816,1.0587139593424217,0.6748516589928586,0.7306752971468313,0.7640170489239774,0.7405426274416211,1.1375733383797948,0.7193077610807437,0.6823843710552772
0.25633354290734744,0.282514563547581,0.5813865620922574,0.9926579527907419,0.8084119209169035,1.0624547898327066,0.6703224294952179,0.7432437008339919,0.7802668619145368,0.7575122527019198,1.142209100328663,0.7205897021756505,0.6836060443516123
0.255045855902091,0.2813871808409564,0.5758647765283481,0.9955571458307897,0.8170330794600326,1.06549026692954,0.6841496189511894,0.7342572520777332,0.7683676638809726,0.7509703095944591,1.1425929225021447,0.7254556576559769,0.684931197831848
0.2569988413320318,0.283222482326991,0.5857550297133826,0.9992253830814758,0.8206351242217799,1.0614901916181048,0.6898791968284431,0.7461291571566314,0.7730492844139479,0.7613252419313364,1.1519004382820637,0.7288422614102725,0.6991531745528209
0.2566546951372403,0.2829575069606797,0.5841866219614729,1.001461255183961,0.8156624977630047,1.0613559366973944,0.6869041104703444,0.7433552753656822,0.773598748835017,0.7639974749832332,1.143953074974407,0.7310517713639058,0.6939298120827679
0.25489704258966783,0.28130124862790157,0.5784500853774801,1.0015358431981587,0.8146056524751908,1.0640325367077166,0.6842105986576561,0.7364057745212612,0.7694259503077101,0.7574188022884895,1.1491612537345761,0.7271691481297394,0.6830703660772991
0.2554844759988528,0.28196931639399214,0.577194050571179,0.9967261582554733,0.8101958069787885,1.0648559370024497,0.6770076248782776,0.7343002737966844,0.7698187601335545,0.7544353108564267,1.1446605609948715,0.7246079890353596,0.6771490044257582
0.25569777065354693,0.28205449534062343,0.576102973980037,1.0038713403540402,0.8175821864489741,1.0688462275226418,0.6803293465629324,0.7408689948425977,0.7644361375621769,0.7584281278141118,1.136782528132035,0.7321538532002414,0.6734299730488741
0.2564110363394242,0.2827766665775371,0.5898210266653946,1.0141100568626595,0.8290385509103502,1.07203458726239,0.6890465406525407,0.7503286935975406,0.7730173001401032,0.7672957981664711,1.16086451298783,0.7398775493574825,0.6974439594901499
0.2556519378282516,0.28212988741351863,0.5714669254197394,0.9993729588256801,0.8140586069914554,1.0618227655572146,0.6799544899582917,0.734957238394942,0.755652989727945,0.7515054605649643,1.1397271585148587,0.7156777520907969,0.6762851041672931
0.25799125678732493,0.28430784220870625,0.5735388137006816,0.9907103683471132,0.810521345263333,1.0553305187856163,0.677886500290998,0.7441460267913537,0.7591052661301029,0.7504330803490069,1.1326849128299439,0.721163616605089,0.6754381971439946
0.2573268421581351,0.28364860054544516,0.5872578091995727,1.0123662808959906,0.8230425976571989,1.0679755932287378,0.6844986784912002,0.736122969056148,0.7685765123164736,0.7662165296128581,1.1475817380806346,0.7391537879066656,0.6890028576949959
0.25588238180090417,0.2823314425828193,0.582674145193373,1.0147456617950055,0.8259064577615735,1.0732827399124623,0.6884658892744706,0.7482021985183807,0.7649817364349925,0.7591752690116519,1.1556181984666802,0.7320302449247206,0.6801639047576797
0.25618230283526916,0.28273198376992925,0.5776607807796585,0.9955821318227219,0.8193950843369548,1.0610389875419877,0.6762916097803705,0.7351512602319995,0.7618652335127973,0.756118429070822,1.1357467142204711,0.7265898408231076,0.6812813327128355
0.25672095356716507,0.2832405356500668,0.5799019719224612,0.9994287903767126,0.8178886314527473,1.0601689735049964,0.6758312007965526,0.7401735818134825,0.7623914412391444,0.7573351763182353,1.145687774221359,0.7247160212231907,0.6861833624733912
0.2553167685014148,0.28191495816115647,0.5788193393222104,1.0157071915948894,0.8308637952004532,1.073757500911644,0.6787893277739199,0.7417444577005873,0.764302039600497,0.7560688629870593,1.1480916315156595,0.7273214368043638,0.6773654561454645
0.2555213529008874,0.28215163140684674,0.5717379120308006,1.0083059643563064,0.8196401508956478,1.06590881355089,0.6768587632682885,0.7400447911494615,0.7508192167806254,0.7531177735054999,1.139273368629284,0.7233395279351416,0.6793483214572862
0.2573245053356423,0.28389282447316955,0.5758118377873938,1.0003385197534431,0.8209436568644402,1.064590640917496,0.6739061588569765,0.7449032954436472,0.7578059766837011,0.752495823806718,1.1371499828807905,0.7230729751315741,0.6771195419875278
0.25712712121518855,0.28367918356778193,0.5775835741199238,1.011871273475311,0.8235012557154223,1.0602503519419824,0.6726916067085935,0.7379325250075959,0.7546648940640371,0.7519650992631829,1.136586299407841,0.7323226272472483,0.6789090221329775
0.2558675759878569,0.28249618923804826,0.5856846602159751,1.0238676381123846,0.8302980271669655,1.0782223617056172,0.6848426672965047,0.7486336596797112,0.7625661799638674,0.7653889055172627,1.1553723971990257,0.7383273075900164,0.6851368003383307
0.25697088123162326,0.28362972012468224,0.5879070390778708,1.0306487898302927,0.8336678984453725,1.0782560105481396,0.6840724273404144,0.7475530451276478,0.757942497006927,0.7609857203194781,1.1538942288276404,0.7467563319627825,0.6824206963131512
0.25777205752638704,0.28435370182127834,0.5923051625974697,1.0378712754620085,0.8364242823670865,1.0879966854696281,0.6830628747582989,0.7461233800196675,0.7751422021903572,0.7688097074088346,1.1559804034130459,0.7521073080265623,0.6837952218190819
0.2573801765014247,0.2839605026640705,0.5985112386113796,1.0571818928157377,0.8466046662967065,1.1023316267218661,0.6908018526646169,0.7546172129653496,0.7814262193046582,0.7748826643202045,1.169337920855757,0.7609226280969793,0.6921613624388828
0.25746549557562565,0.28404407904623635,0.5942891199813841,1.0364396959961402,0.8293308513469461,1.09077622551904,0.6802451159665259,0.7402020218081512,0.7735244421154,0.7689320706148379,1.1618098232194667,0.7463289242287304,0.6873316716480861
0.25832859079536746,0.2848931449442211,0.5943962125225098,1.0523912392925872,0.8379210698251199,1.0820254159812634,0.6874095224081306,0.7440087536539055,0.7703749846416612,0.7646347542991466,1.1560969220065875,0.751122581502908,0.6851347285412619
0.2567737883458957,0.28356004196895224,0.5813589823676925,1.0351381408520812,0.8314319413414767,1.0783069887661365,0.6813867454971159,0.7342245074103327,0.749542052690649,0.7542684247065974,1.1452913893083772,0.7354784076450965,0.6702350138245851
0.25732610819786206,0.2841256327388734,0.568676975621691,1.0233477999204221,0.8215265308218562,1.0614918817249086,0.6786728185986848,0.7236958065747134,0.7390891504307278,0.7366309026447069,1.1241868559526,0.7296770902369509,0.6656832340063238
0.2579131258551255,0.28465858528281435,0.5791949163968383,1.02751529625494,0.825537898733085,1.070121761179383,0.6755260733082686,0.7275642996724706,0.7454275996114759,0.7528979503929301,1.1370461517449963,0.7325178974197171,0.674495727685093
0.25762094043812306,0.2842311888589756,0.5928979871229462,1.0398496862556459,0.8316742185758701,1.0844666178783815,0.6813124577119053,0.7428761484429662,0.7645999729916212,0.7653926634343362,1.1661738882348243,0.7411911299982116,0.6852206883024338
0.2585545618791202,0.2851768315888904,0.6053444034204696,1.0626515349275576,0.8526721704669422,1.1070063486180342,0.6950837752951847,0.7521040342285487,0.7747087984988541,0.7807395364870228,1.1764452823875213,0.7656854641889608,0.7011782157685713
0.25738080107053196,0.2841661277629699,0.5887391560732399,1.0470455761121318,0.8450016949733539,1.0936245205576633,0.6916724118776483,0.7413074847478943,0.7559146162526942,0.7575032084576839,1.1707595122501868,0.750843642712436,0.6804713141240811
0.25631207895623115,0.2831470536076505,0.586903524968356,1.0493317108583953,0.8350919902153472,1.1016332837787122,0.6762103869292945,0.73488261645621,0.7590214660089444,0.7690022769384491,1.1566800855542894,0.7476452609881374,0.6738881623432588
0.25677124419810343,0.28349527527498214,0.5874639784751646,1.0463716017179254,0.8329801015744804,1.095916019951559,0.6767665615927548,0.7309399864501757,0.7587119162311183,0.7612532738452542,1.1542259602417795,0.742407473403439,0.6768167705997761
0.25429660762136463,0.28114200362189845,0.5838364021774219,1.0245098476950363,0.8291220254483924,1.0813990847699884,0.6728489889401335,0.7275089263295614,0.7522886268396934,0.7578690122467043,1.157357857461154,0.7362842264261491,0.6797996237817774
0.25785215288144736,0.2845826201904021,0.5993402089790644,1.0581611914987918,0.8529668745712923,1.109562936440356,0.6921387524796025,0.7498732020060507,0.7682418680993615,0.7709538223568888,1.175589395876519,0.7573815808636584,0.6925311906907217
0.25706173854769926,0.28379398212732954,0.6017134643568659,1.0538116335411014,0.8489142266902969,1.1100756205763376,0.6888561607781934,0.7447745300505976,0.7710048749431505,0.7778797726271544,1.1843606221887402,0.7554469642395671,0.6978926309580513
0.2573956328020081,0.2841394995039708,0.5867962841963602,1.0490336991227929,0.8347635434597711,1.0935438561434079,0.6833349449228495,0.7354282227036354,0.7570384921582357,0.7603950716837379,1.1567696637377136,0.7455350096903935,0.6781690926653992
0.25765887004489635,0.284394894898204,0.5891498832774049,1.0419182179598387,0.8318544440740072,1.0968826535790348,0.6832947181416452,0.7362957150431212,0.756128616708011,0.7614448377812865,1.1605203162244289,0.7438637044256442,0.6800542981491857
0.25790967534845244,0.28455793020237435,0.5975568644303996,1.0588093066238877,0.8546784601402909,1.1006112024301349,0.6929190708035179,0.7516049325794394,0.7695606196911976,0.776224664778113,1.1782082988194913,0.7615579510752055,0.6917350002819485
0.2548667639808783,0.2816205723532845,0.5897057663227311,1.0527136713875225,0.8409965871757374,1.1038070427730413,0.6815170746863699,0.7403962430578989,0.7593258850501833,0.7693810998911257,1.176051262892759,0.7521919925390522,0.6814302378235702
0.25751111537503746,0.2842296941503715,0.5951229753750467,1.0578049864266503,0.8530156264972789,1.1132430223346923,0.6945709627133619,0.7531967827608649,0.7582704363997989,0.7724508010911534,1.1740370037391237,0.7627602740340742,0.6851057122036373
0.2562959916629714,0.2830862989568011,0.5998335845763524,1.06117952199869,0.8511945482205905,1.114660275299064,0.6929161205514804,0.7529310886130653,0.7657236295771478,0.7749609510187645,1.1890681675382984,0.763903704820925,0.6919308029198598
0.2554558590452892,0.2822803489927809,0.5904258870156718,1.054100002076276,0.8480260281381503,1.1039920051506176,0.6900903165529746,0.7489537366165178,0.7510597546602026,0.7645266300641977,1.1729969193280803,0.7528683246227367,0.6771962602500599
0.2560096196027105,0.28289129888581865,0.595954526310978,1.0724426963650122,0.8621717296985515,1.1174907296018235,0.7002667626578968,0.7572328836304392,0.7593864815659055,0.7791239078970511,1.1808338310510527,0.7628905005781408,0.6895472166228992
0.25505699231163476,0.28199931861575694,0.5884497517283332,1.055655807692261,0.8506940276962199,1.1109111506702132,0.6928938874662312,0.7514228521262665,0.7535803128860287,0.7693178127452288,1.1798923676706656,0.7529223890999234,0.6710641003402403
0.25608926145468264,0.2830885991898214,0.5852772735341722,1.051129739869667,0.8464403312481104,1.102993192761008,0.701396516189604,0.7465294419612117,0.7562709350015829,0.76772704800262,1.170084832974677,0.753032464990808,0.6711250604049586
0.25552264776647204,0.2824181625516307,0.5883531925127949,1.0543941187857029,0.8479826706396411,1.1087253397632575,0.6924985596699942,0.7438937656272671,0.7572616445591358,0.7679786901673413,1.172769974977786,0.75065867535726,0.6738672592320325
0.25500920931629345,0.28202459732421603,0.5870005552278518,1.0507141295819564,0.8444831120934958,1.1155278758333018,0.7013601413428387,0.7478331054837044,0.7539011916587841,0.7680261289022321,1.1776743399177005,0.7542789463456415,0.6761939144244169
0.25735356975640106,0.28422817842770953,0.5817862309676531,1.048193914522191,0.8451412208381535,1.1011970662570514,0.6947195845200909,0.7473185808677386,0.745614951266664,0.753013326163443,1.1659209879808943,0.7411921353351146,0.6709606265843435
0.25694604265874804,0.2839256791811088,0.5822570207650846,1.0321528553154773,0.8387692056552987,1.0963646460325784,0.6885369813431648,0.7420105650759906,0.7486638385352279,0.7631099884431808,1.165523892518869,0.7457016336590311,0.6692775295409518
0.25622874399047985,0.2831377600727298,0.5918208156297736,1.058441663531702,0.8560196394507494,1.122827579619746,0.7082616832273901,0.7550006759097063,0.7581660515715206,0.7721113148173676,1.1901763958299627,0.7620146070430442,0.6809829211452094
0.2562021886370593,0.28317017015588064,0.5884104485740047,1.0557659479695183,0.8569383877046448,1.1121042690058063,0.7030784847061821,0.7524153855843249,0.7556029277899574,0.7659525204170708,1.1818487838913383,0.7595729425717114,0.6786336793366066
0.2558981962374686,0.2828425472396481,0.5799386465295072,1.029136572081904,0.8422215248859589,1.0915787648985447,0.6967700772805683,0.7404202942082259,0.7474807673543286,0.7528676932400092,1.1686937511901083,0.7422545525474661,0.6681148222492871
0.2544899461241553,0.2814930306783188,0.5827036297626508,1.0409933675311744,0.8439177216893738,1.1019635661429545,0.7041646773955106,0.7386278798176349,0.7543999730458671,0.7595231450112095,1.1826938223068628,0.7506602563333007,0.6711556925621209
0.2567835954895564,0.28354121561237333,0.5900130111044168,1.0559452581997983,0.8559302257008272,1.1094147527623417,0.7053043860580352,0.7460454755495822,0.759879276907517,0.7696007499789015,1.1842700342387316,0.7619110436150918,0.686893865584286
0.2554165373895746,0.2824806158083552,0.5772347639810054,1.0355649738153438,0.8440949100821589,1.0923308822695366,0.7022973355429986,0.7414671077946008,0.744556308779395,0.7561754223980983,1.1718069554235278,0.7438032812048072,0.6728419733813668
0.25561674042058435,0.282510028417392,0.5783717499125516,1.0488079123908252,0.8512062473261163,1.1018859290388694,0.7086044807894698,0.7472457449682542,0.7501416065287183,0.7601808312148438,1.1771866415591092,0.7536878834656283,0.6688155163803574
0.25513645181453815,0.28209258413203037,0.5898620138947652,1.0480988901883437,0.849929042357081,1.1178242816299921,0.7094302181009567,0.7501877977627994,0.7612299021365395,0.773243566580598,1.2005848227339937,0.7572788261913622,0.6802029470411629
0.25591359396424296,0.2827665234053079,0.5841291721187173,1.0453299471579984,0.8474464353243663,1.106278836009032,0.7004861526938038,0.7446993633436163,0.7530746422840363,0.7679696164446922,1.1811397739514904,0.7488470353093523,0.6776719328819274
0.25434827876171245,0.28134032879232934,0.5816227671792463,1.0368826836441876,0.8423334022828747,1.1007849165518067,0.7060572458434016,0.7453596380558843,0.7437030960721296,0.7662487566432127,1.1886173021288424,0.7523746974991191,0.677094737651796
0.25456018869086,0.2815176864503813,0.5880703622818301,1.0532601055987953,0.8566337723723525,1.1181707504715317,0.7115180455444653,0.7479544477979136,0.7547601405364716,0.7809555747108443,1.1970481900656709,0.7623941750213149,0.686915383478663
0.25445393842960123,0.28133649715828213,0.5837602630434972,1.0476266476985172,0.8469547740098579,1.106004652277153,0.7032354854750426,0.7460365297088274,0.7491560275707516,0.7627734434348528,1.1922539248250055,0.7524908157833968,0.6742307267625137
0.25491193798510164,0.2818640831952538,0.5834721504987488,1.0298382695925863,0.8420076890131287,1.1085843454313642,0.7057018884141801,0.7387966167880107,0.7496758168791258,0.766853948875614,1.1948651486656527,0.7511104694115358,0.6771136783405208
0.25404417451009353,0.2810590188867461,0.5930355452789146,1.0468075028527846,0.851191547103811,1.125562715695685,0.7169701215242541,0.7510292169863662,0.7658614923123461,0.7779780638222341,1.2002295410868138,0.7626787574421946,0.6879595232044722
0.25502755812830746,0.282053557983839,0.5819021285594776,1.0255286998430437,0.8312895790822127,1.0970181122287648,0.7056959063541616,0.735236760653846,0.7460875233820192,0.7637388026764276,1.177335246381886,0.7423802570816158,0.6770297018059317
0.25579224638985637,0.2826978552636189,0.5963989177814447,1.0506587047104208,0.8555506700653089,1.1237722238547059,0.7172869234028816,0.7530952117737421,0.7633932297160525,0.7825053051246986,1.2040516936303158,0.765635365742731,0.6960584060608845
