train_auc,valid_auc,test_auc,test_mid_0_auc,test_mid_1_auc,test_mid_2_auc,test_mid_3_auc,test_mid_4_auc,test_mid_5_auc,test_mid_6_auc,test_mid_7_auc,test_mid_8_auc,test_mid_9_auc
0.7642760465378364,0.7641974868185486,0.7181050581039985,0.7872271944652783,0.8187670115968302,0.6897082101225964,0.6910104488808215,0.766835712432095,0.6088992488370091,0.6009351423022335,0.713161583387695,0.5917285472346652,0.6662291854479416
0.7940625833810698,0.793137440918996,0.7542468233466997,0.7920589428766656,0.7725153310163889,0.6554738496809318,0.6844121959999343,0.6236521026795863,0.5916303100574937,0.5908582214399541,0.7237122312492843,0.6202229886879498,0.6442279426174892
0.812071731595256,0.8106700785433674,0.7552928910939192,0.7674611682859549,0.6976220100510895,0.6047606374558967,0.6586822087315292,0.6012856717530553,0.5690869694948923,0.6023577853047732,0.7366406672390788,0.6578059250473043,0.6188499490455847
0.8264101569125044,0.8245538031692116,0.7412394656073376,0.7528052895565688,0.680598228728594,0.5616257091836228,0.626928291341167,0.5993609970919732,0.5755808546556686,0.6015815152604517,0.7323250206552346,0.712372196243164,0.6192116927318099
0.839389126362043,0.8374901810787322,0.7382938634461735,0.7428064700878395,0.6847588227483858,0.5585524212403977,0.5922722617965743,0.5952070938152629,0.5936665204792544,0.6023516576249346,0.7268840387865123,0.740903761482182,0.6116559041795686
0.8528159118232863,0.8509038783514978,0.7349654386638594,0.7567942378570639,0.7037223791987137,0.5610467749181651,0.5786099839110651,0.5859383149997457,0.6035255998189679,0.5902594595814348,0.7218864902612183,0.750632698630474,0.6153251936921047
0.8610231499828551,0.8589080940680203,0.7374660420566881,0.7633580851869064,0.7104194425996967,0.5581788627505955,0.5782738718243006,0.5804937395087305,0.6118330900214075,0.5904300133369438,0.7265695843266788,0.7571922210409419,0.6374522914788538
0.8718095171766826,0.8693656676268771,0.7177883686516388,0.7810465524748308,0.7183925672264786,0.5557484147833474,0.5878902020407099,0.5703453177721278,0.5952099791933257,0.5462701590940215,0.7201771368395882,0.7506495523736902,0.6005519857523616
0.8750751279005096,0.8727035673611061,0.7414574014323987,0.765555063228162,0.7112581269970759,0.5668301642023279,0.5960917402418587,0.5790969511842903,0.5987191179091595,0.5777661903027813,0.73778067414569,0.764721516946211,0.6316560225832581
0.8869627036183099,0.8840206499851224,0.7257370365572101,0.7928218306545867,0.7305330649174334,0.5751923395998448,0.6398711062028076,0.5815325206721654,0.5918121832188866,0.5571187785569334,0.723643143239481,0.7618443096752329,0.617547712604032
0.893560029270546,0.8901954102440213,0.7239002696947815,0.8022417799938342,0.720024162648683,0.5755743475346333,0.649986353454395,0.5792758110733778,0.5892118896425217,0.5550542367751052,0.7199714056661803,0.7503802341121584,0.6174053219600466
0.9001665423496724,0.8963933822521157,0.7083013624409769,0.7928773343172532,0.7321637314326817,0.5725677094336022,0.6442870670277907,0.5693395856341921,0.5947861158004561,0.5561762830388934,0.7233113894047679,0.734461076507795,0.5979421030455062
0.9062538967466429,0.9021433943525736,0.6918069237524577,0.8060850491538136,0.7457574151183599,0.5746671872144922,0.6549285790171538,0.5705534188642113,0.5824612353036593,0.5536130162035309,0.7174181055257489,0.71503406278156,0.5737840757652961
0.9095908353304499,0.9050950476180118,0.6757275855286007,0.7926749113091731,0.7349360443608015,0.5759251157783262,0.6522319737156232,0.5616442996609745,0.5844202667820145,0.5385891124162745,0.7195552352616443,0.69620922874538,0.5344436333111224
0.9138690883756784,0.9093926260693437,0.6806131306974429,0.7906987796096223,0.7464905401103803,0.5741250584213231,0.6727409022784249,0.5686153809015141,0.5877976766214286,0.5559542275933119,0.723867378174627,0.6862400118796115,0.5294849684474582
0.9146588187183776,0.9099481669116841,0.6741532653850154,0.7825894033154955,0.7396075767343354,0.5750006379718553,0.6426963003179349,0.5613329562870598,0.5928159500479615,0.5494507167245587,0.703963680947848,0.6847167978981105,0.5054006372568234
0.9157601325759362,0.9109311352049008,0.6687553885212347,0.7792200901402488,0.7408393271219367,0.5757915215261317,0.6450516684640115,0.5702422910274194,0.599968359436798,0.5608378911599562,0.7059611018081351,0.6759262042910542,0.5092577395184155
0.9189602868895537,0.9139758299310612,0.6717234943132975,0.7787594888256462,0.7420350675420105,0.5697663075761072,0.6347405553700869,0.5611059597738757,0.5980006768677444,0.5566067768637484,0.7115248216467297,0.6965460758564207,0.5159842939547159
0.9212362243389074,0.9160626296028584,0.6640294940712467,0.7799772621912502,0.7562125000755973,0.5743285117544492,0.6273331297588836,0.5690112866732823,0.5925647880582907,0.5638890380281866,0.7050912060270147,0.6873291280966476,0.5152201818680673
0.9209049778901672,0.9157555616362048,0.6689833830625278,0.7677022892816389,0.754766409348899,0.5690354848472925,0.6147159247940699,0.5601922979102383,0.6045747047715171,0.5684874726880556,0.7027329070679771,0.6844004485828735,0.5137695325259017
0.921329336005994,0.915991373581275,0.670773144479234,0.765027383005181,0.7442011402155009,0.5786609220363044,0.601615346035186,0.566273929290604,0.6131316347557569,0.5655742472485745,0.7035957955073743,0.6956910900181201,0.5271452707116633
0.9220282483857899,0.916719545949275,0.6758060994474118,0.7645841265851616,0.7422668792374709,0.57483994348143,0.6115099422761834,0.5638214760614413,0.6128461888140596,0.5680373313818132,0.7027483451177112,0.7149492246822614,0.5312623507296934
0.9218810041601784,0.9165394564757103,0.6845552527873427,0.7601803567073733,0.7412990372452557,0.5730580252999018,0.6008254763299753,0.5782107703038125,0.6289609679609259,0.5674341439767436,0.6998731452168652,0.7131256041155929,0.5257127902115262
0.922512136856344,0.9170209224220226,0.6771267434528536,0.7682017503497018,0.7419211875020036,0.5683045070827899,0.5949776469288929,0.5741827766296834,0.6216332538314119,0.5674208187047135,0.6934052593165345,0.7118541713925474,0.5316830921164374
0.9262081602601788,0.9205161221407465,0.6720365336447641,0.7677856346455589,0.7323658576335065,0.5727872554711242,0.612564614198482,0.580869277022392,0.6149560136094473,0.5669726713260377,0.6988730661652913,0.7093223519808614,0.5207668843661402
0.9241173156200438,0.9185439555250049,0.676936800967875,0.7667767010003312,0.7333806390729651,0.5769060885894385,0.6108605498635786,0.5754121285325456,0.6297653191391364,0.5783682591631185,0.6983297782023059,0.7106422961539758,0.5371653870902415
0.9297077592589226,0.9237295666587401,0.6603761165197717,0.7709620510242583,0.7255716740456795,0.562224348485002,0.6076332479001186,0.5818801820512753,0.61275667405614,0.5577927747068051,0.6874313910076973,0.6882945742790014,0.5242123296620024
0.9290235816718899,0.9231790772795065,0.6668445611296152,0.7643219221062173,0.7245479395242834,0.5581881648918646,0.6126260940183769,0.5954552129664834,0.6126084440252404,0.5599715539484823,0.6891289195401695,0.6857972594902516,0.5332164198970459
0.9280354050075692,0.9222687878038331,0.6686931554733255,0.7602103013647574,0.7083088869398092,0.5620567083957624,0.6003789442182063,0.5930475196131597,0.6161217080296941,0.5688633037181594,0.6897306750106588,0.6967127912622907,0.5378528429950744
0.9317513848201091,0.92570996530566,0.6588705905618002,0.763454515611196,0.712131180951826,0.5649336436403631,0.6022087827798028,0.5912067607385624,0.6122736147741404,0.5621722663933916,0.6901123561551505,0.6960805481383903,0.5376295091391317
0.930092431838895,0.9240054237573179,0.658499296995796,0.7621318640488111,0.7110827414581966,0.562487909154296,0.5940495053909631,0.594286211458011,0.6114759922220286,0.5600271407584473,0.6885926389189073,0.6982496704409941,0.5406577855733677
0.9324748781006036,0.9262497370500514,0.648611280513511,0.760572531064796,0.7031271672436892,0.5624327164494323,0.5944490927137108,0.5954116744676736,0.6100460390220263,0.5614497351286074,0.6892488107774668,0.6928617109373505,0.5364436349442768
0.9322461913653183,0.9260916901131809,0.6490369076120589,0.756663225487512,0.7008070343633515,0.5667013295457495,0.5837896009751745,0.5935436501470395,0.6143743479140258,0.5553479277159433,0.6833362567087086,0.6898082226224607,0.5466279854061328
0.9339507724718239,0.927816468985793,0.6559146022025794,0.7573127333742087,0.6992286040413934,0.5639431671415874,0.599897922914682,0.600676887149648,0.6201411409426886,0.5733426376802121,0.6876004431267722,0.6928760593944131,0.5427184180613804
0.9346348777242406,0.9282769032668248,0.6507608385233987,0.7593871827663716,0.6992216273572347,0.5657442012234237,0.5792499243527258,0.5990911086913477,0.616691598629443,0.5695347709842882,0.6847707909471276,0.6885564905587153,0.5449273613778597
0.9352377739243565,0.9288538605164156,0.653888972758269,0.7608769204842449,0.7017595988007377,0.567524693076624,0.5924285133784667,0.5939021243051442,0.6099762295262526,0.5696265402847289,0.6894830092766255,0.685780633500322,0.5401123120239355
0.9357608918165174,0.9294604107540475,0.6556948770313556,0.7628792762264872,0.7019625353246517,0.5679300958967045,0.6004678137494587,0.5928463157090065,0.6167189136472958,0.5729847519982072,0.692601276343499,0.7072397759272063,0.5463830122551901
0.9329134917025991,0.9266808993144828,0.6596049864109026,0.7637662204421427,0.6853499435600086,0.5603297348619976,0.5845752488000303,0.5930326116288314,0.6231975792966583,0.5860689046898733,0.6874456246705728,0.6933837214704845,0.5521805060165406
0.934117113036011,0.9278127199608149,0.6559668225390968,0.7614385176150794,0.6856717208823541,0.5654856327032776,0.59484674763351,0.5976718685832804,0.6151160587873654,0.5837474380462389,0.6833722788247549,0.6902566688439882,0.5376907524268674
0.9374213687882971,0.9308891531347383,0.6504369335750116,0.7634884145450656,0.6774053976451062,0.5685438356740776,0.6036117703335735,0.5987574931480749,0.6181796663322379,0.5736037935590498,0.6858272572016313,0.6926710814363763,0.5397995629678988
0.9362737318393219,0.9297432051973595,0.6628115679786306,0.7604572639052493,0.6789971884160481,0.5754335131158176,0.6040184781410989,0.6006671520562672,0.6170389239004405,0.5823241628227633,0.693046680501787,0.7087832599512244,0.5479448181645958
0.9388366833008095,0.9320933130231287,0.656914004697765,0.765148635501408,0.6848117902088542,0.577504789905093,0.6104268304235336,0.5983883858252443,0.6170422882134897,0.5840116577649959,0.6882327462275867,0.7001129200795496,0.5474783484563425
0.9373706395990117,0.9307049354237609,0.6640903342620788,0.7664140938466282,0.6787007880411807,0.5730074371549662,0.6075391902870371,0.6062939641846274,0.6168485198023866,0.585374677470058,0.6971261577716128,0.7079858956944608,0.5486629977854427
0.9384130507486899,0.9316292330729201,0.6658192058511513,0.7585014248336617,0.6810739081459647,0.573188658370459,0.6007063394873227,0.5991811313629791,0.6171152217142376,0.5884989188049351,0.6934812451783468,0.7149961418593233,0.5570095392544977
0.9386417038300813,0.931854563551154,0.6732216407316659,0.7646344537404293,0.6763552386854091,0.5761762115783193,0.6033132980955456,0.6082335109071842,0.6182488750578242,0.5962517955074575,0.706103766906033,0.7221725340468388,0.5768629799840604
0.939241270127328,0.9323472622059437,0.6699399544459343,0.7668956348526191,0.6807168521232699,0.5794669680808495,0.5877194364323237,0.6047908801357825,0.6206549997096277,0.5875651284828565,0.7040594844479715,0.7116773209654188,0.5609426852650283
0.93951085681687,0.9326629368168773,0.6717781280879576,0.7609407820494829,0.6741698170776658,0.5794236511096725,0.6014553556736758,0.601900635087317,0.6166018836147942,0.5886095088363089,0.7077327548772742,0.7056251190010923,0.5507060738643045
0.9390634334779729,0.932141830355019,0.6748702586925663,0.7563233194756313,0.6756656142084975,0.5805342182522337,0.6078055258238558,0.5990764162441421,0.6247076351883114,0.6003602589421329,0.7079609314421393,0.7073370265806306,0.5591663237042555
0.9416432968944313,0.934605836842198,0.6675377184818753,0.7591995703211275,0.6731592848934312,0.5807948952577343,0.6025241425392506,0.6006738337070747,0.6167860397028991,0.5895311896958492,0.7023784888623776,0.6943000868195529,0.5522647155371772
0.9412628362561308,0.9342131454157099,0.67058060090479,0.7583196359592412,0.6762672889842585,0.5813852711569529,0.5857455288291625,0.6066032240330214,0.6221142304434285,0.5910077660074451,0.7113196379218939,0.7021999373222955,0.5625804328512262
0.9419161360622039,0.9347432016631081,0.6707765016219327,0.754340159948327,0.6671013687700927,0.5868903248707724,0.6095876214299958,0.6082308526160028,0.6203287814978803,0.5854170849051318,0.7090983105956042,0.7061582894452749,0.5526368705823175
0.9420469600887371,0.9348941464027414,0.6665003934703204,0.7492485616499025,0.6629168010452456,0.5839060894266311,0.5950174922375163,0.6149911385504238,0.6225025282412052,0.5898693306317073,0.7181951540290354,0.6875019928412587,0.5454988633245796
0.9432623483010942,0.9360591457082489,0.6660434594725244,0.7507082828144556,0.6721397205713482,0.587682247164157,0.6070994215855879,0.6190318848376531,0.6257333902062443,0.5877816398371554,0.7142692908285502,0.7059329275680777,0.5497938550934818
0.9432193290075123,0.9359649855243344,0.6614143943157853,0.7470553221973238,0.6707958293737851,0.5786283490382934,0.5973933606583512,0.6098392265493455,0.6200134172008515,0.5860254759748263,0.719328591552781,0.6882560839735478,0.5465271381256614
0.9444564690678414,0.9370800444436023,0.6566658315859958,0.7502340212719945,0.6735602367107902,0.5739966268575329,0.606570657326607,0.6110295662329772,0.6159159242148435,0.5880900663890342,0.7114028501048583,0.6852361892684473,0.5432267373495865
0.9445799885390854,0.9372237851805343,0.6548981064878618,0.7499503918040934,0.676060972820143,0.574627296532016,0.6134224750813488,0.6089348687048431,0.6198528513554378,0.5864118602313189,0.7157853949042173,0.6789885749841257,0.5396939182965548
0.9446057387603597,0.9371261174107934,0.6457494204791436,0.7440833778608831,0.6708209296255742,0.5646986715519032,0.6114010975796695,0.6065313064797069,0.6148866446784778,0.5846064317683822,0.713153152679684,0.6681772403407553,0.5435339745097271
0.9450209353532584,0.9375261986220356,0.6471351486219482,0.7444248835573418,0.6660895519273021,0.5727073655811905,0.6140128451865039,0.6054452508406667,0.6146495006598459,0.5909802887129305,0.7125185502948668,0.6681077755883095,0.5381482397862528
0.9452124081433824,0.9376899830978218,0.6392221150972609,0.7359122609316333,0.6743572981709506,0.5681093016482557,0.6092365122160003,0.5971600397622884,0.6109807973822441,0.5885897640901621,0.714274108375985,0.6677220753972701,0.5407290319314336
0.9461171183994925,0.9386275742667789,0.6446635966805323,0.7483568543284804,0.6747552853916416,0.5722337935691755,0.6242521863143946,0.6009888771349311,0.6171507472579847,0.5866627546780459,0.7109913877580427,0.680229716520039,0.5301517037066071
0.9467497043659376,0.9392139598392693,0.6339490360484112,0.7427096981578536,0.6759402939717772,0.5687804511408285,0.6262382764578835,0.5984305233327556,0.6067731231438706,0.5849996731904086,0.7013078984347132,0.6733931322362914,0.526044116398176
0.946410117553879,0.9389326462261993,0.6327757503895226,0.7447014851974896,0.6740073967082146,0.5709654621106888,0.6313498183268171,0.6001427502364443,0.6039819448533019,0.5863286502297005,0.7080956037908843,0.6781625138132368,0.5199642910803642
0.9471746002948898,0.9396670982342925,0.6413293220195599,0.74280240796745,0.6731077997312969,0.5736680287171985,0.6321988573701365,0.5996168755796152,0.6110398731173364,0.587934199612186,0.7066096093866847,0.6778822633939431,0.5211531253674597
0.946938487303378,0.9394006006236506,0.6326968496668557,0.7464693523441526,0.6779533539292428,0.5715319315068454,0.6385463389596926,0.5998683714790933,0.6076606609673603,0.5881356349287866,0.7006647558521705,0.6739267581870474,0.5283443122133814
0.9480933851000926,0.940509970839619,0.6249313742465815,0.7380794560813608,0.6701909528336227,0.5682995149336421,0.6388757926580366,0.5937402200030519,0.599354212099912,0.5849391745100968,0.6940905554391315,0.6689051398450732,0.5093691002299482
0.9479369474326325,0.9404178144663007,0.6289366700623121,0.7321049936616542,0.6665217505935419,0.5638443784013085,0.6280420905928146,0.6000861717417038,0.6005302397673817,0.5834604097414158,0.7096105034796927,0.6577642461958368,0.5223703357112061
0.9479553254059184,0.9403343513494237,0.6281193341444866,0.7375967467664084,0.6709866703432935,0.5627977014656981,0.6333725401088086,0.6002155299382501,0.6069013275018573,0.5825781697417892,0.7003875278952421,0.6612875895412047,0.5178872249768092
0.9488098060187826,0.9410962722288092,0.6248353724351338,0.738617021995555,0.6756790734773702,0.5626220305278292,0.6340779512025406,0.5997579446265014,0.5992938547217532,0.5808524497491347,0.6970607924121,0.6647059386214003,0.5128727266491593
0.9490753391548151,0.9414264116391583,0.6246725183266002,0.7469715634317714,0.6728203722023447,0.5638900984256467,0.639309113014864,0.5974828066037126,0.6045740639499839,0.5844088870421553,0.702324181964022,0.6517146633943075,0.5041950631377468
0.9492317844802882,0.9416087239342621,0.6232930311035978,0.7384996159319094,0.676112398690344,0.56029520841432,0.6279418997008094,0.5928083452525362,0.6036344593769213,0.5774055812075147,0.6996620490474503,0.6522665096080001,0.5055798759455964
0.9496081164901242,0.941945254453936,0.6264127410047253,0.7413734582635463,0.6692182686668497,0.567889104460845,0.6299490152285535,0.5958537051837253,0.6042419181390543,0.5806668685883071,0.6967893674100362,0.6484673570324293,0.5078842567187969
0.9496436592821816,0.9419202307741888,0.6171863037890244,0.7417880821270155,0.6742781434399148,0.5544788585429268,0.6428403693594995,0.5868643702479452,0.5991328082601896,0.5822809772696147,0.6969786751262799,0.6513466140829879,0.506519143835169
0.9503669944789953,0.9425929102755963,0.6162877844609884,0.7342696724536185,0.6774861927862983,0.5575706887544151,0.6357718914263439,0.5921729777373143,0.6016677380401674,0.5843143456960733,0.6976231315853958,0.6443996833318302,0.504743190562981
0.9504396675295848,0.942673718595363,0.614797261528943,0.7354408572526321,0.6738094209427252,0.5511434672658734,0.6387340551026381,0.585691309456993,0.6003333072999586,0.583179265954533,0.6949476409236639,0.6438259728026136,0.5006858227504932
0.9506815438107673,0.9429235301870652,0.613410654451555,0.7362761262642182,0.6733153412620352,0.5551991233414011,0.6386917102728096,0.5888038092019408,0.5997020179870594,0.5804796339265705,0.6954484468774518,0.6419089733883949,0.499932734455637
0.9512200238093316,0.9434011786868589,0.6138223112117794,0.7467885163784694,0.6724865388535493,0.5582680547817983,0.6445261178751516,0.5944078821638432,0.5991408185293547,0.5810239761522373,0.687433361822557,0.6416206377274231,0.5005915080873803
0.9512003242916343,0.9432641718387664,0.6128817047186604,0.7438089510728023,0.6745519338241941,0.555521721600617,0.6368794103684088,0.5900983610844563,0.6003890988246932,0.5810516966086502,0.6911425448781916,0.6409478545184886,0.49466091224735104
0.9513045093767176,0.9434116361751492,0.6109996745411777,0.7391437136494147,0.6718107293971106,0.5525245716836804,0.6491723497167077,0.5907147254100162,0.601581387338568,0.5784276392986978,0.6838024639127376,0.6383762921582722,0.4942493573537674
0.9518286601699653,0.9439695075874517,0.6145848868416337,0.7431854155930206,0.6716517677237721,0.5592371673627924,0.6376634828647739,0.5940494439285922,0.6055073804617519,0.5789645407702746,0.686674160142722,0.6279786713602065,0.4935205622297129
0.9518044396210081,0.9439342480659302,0.6157915568815124,0.7364150831347088,0.6747377349793671,0.5578435515649782,0.6467493894761924,0.5981200061844785,0.6093965663981223,0.5772537509181793,0.680856095697514,0.6276658522209134,0.4926575422333712
0.9516508935687376,0.943760267953776,0.6173784993005309,0.7391156023384009,0.6689672463849807,0.5588330978496271,0.6419732665494874,0.6004785211509451,0.6065981388139595,0.5750840659315006,0.6790730556980746,0.6371414138377431,0.4949134387371144
0.9517172718187368,0.9438045318327004,0.6174183552308525,0.7319878931557369,0.6694601797549591,0.5624526540388859,0.6426394834703723,0.5938640820029664,0.60908296436031,0.5753099633350762,0.6774511845582715,0.63888281546791,0.4877235788290937
0.9520715044917936,0.9441367741201813,0.6121127961593231,0.7332116159100531,0.6747404031163682,0.5531123739904813,0.6373755548254434,0.594423472682394,0.6048551843463319,0.5721641292236248,0.6763808131100357,0.6368856468967703,0.49478911486301097
0.9525944882107393,0.944665066755865,0.6119875927754043,0.7277413956381599,0.6692908222293048,0.5600127954053871,0.6399785436058698,0.5966140842301834,0.6031778740345123,0.5745353467916636,0.6750713161254918,0.6397838074701255,0.49346085002417067
0.9525621666386614,0.944584096890981,0.6130515212965988,0.7323084052388555,0.6676440085442048,0.5555512714027155,0.6332740295671935,0.6006990515504447,0.6057012690268925,0.5743288050751973,0.6705204856350588,0.6357750079941403,0.49535847329466026
0.9529532492570971,0.9449452847457642,0.6147262076582057,0.7248827053750553,0.6734645395303469,0.5576968102864566,0.6304510199075732,0.5970363214537893,0.6032316229406098,0.5758903421540799,0.6725121035404813,0.646631893294852,0.4923242766759429
0.9533054009383435,0.9452285575714023,0.6092527315243867,0.7234478242564235,0.6731050130104288,0.5568941905306124,0.6291415228486275,0.6000174872452315,0.6029834247505302,0.573895393307562,0.6660944734190726,0.6319356569634657,0.48814176841218204
0.9529460805985069,0.9448560120509779,0.6110341242974202,0.7237257919193569,0.6792187228430593,0.5558659163311461,0.6335842852623315,0.5989045613115462,0.5994857006682568,0.5777912359783123,0.6624803274355604,0.6407401435210112,0.49479472883105347
0.9530781716958732,0.9450083310093447,0.6118960697773042,0.7219194424728981,0.6749894292364808,0.5569478483821668,0.6363272262258671,0.5982331631739595,0.5979893823882217,0.5739877948289386,0.6597337779491657,0.6420244443047558,0.49536939501430644
0.9536325452772901,0.9455631015925763,0.6069043418047587,0.7191984509014024,0.6739833439472482,0.5624596616519754,0.631941070615927,0.5925373432434429,0.5984389587451112,0.5711394449839396,0.6564267506146205,0.6419668227232187,0.48950779994512605
0.9535275286055198,0.9454339114403749,0.6101748779699513,0.7194925412280058,0.6753235392809651,0.5567295891408539,0.6224099971774315,0.588760629931669,0.5941241071053089,0.5720554358550584,0.6536820624533711,0.6417160663545536,0.49643288470583624
0.9536592425471773,0.9455678655715223,0.6050289205858016,0.7218064939572904,0.6782223021389644,0.560927738517057,0.6358514350129318,0.5872785248294455,0.5919252481681515,0.5718886267927841,0.6507302197524263,0.6451499026582452,0.490949671082716
0.9530507754039294,0.9448531220160642,0.6131819934454023,0.7138965569898954,0.6755931792299092,0.5597581027774364,0.6218804137476355,0.6008968427834867,0.5972179133649338,0.5715671667631533,0.6597029018496974,0.643408387151435,0.5118180151622049
0.9532097413072506,0.9449987185064072,0.608358494278473,0.7158037045387616,0.6711246426722226,0.5587297200529887,0.629906649394345,0.5980161532141327,0.5894825566376094,0.5689584772851771,0.6552242250810717,0.6483022358995663,0.49617637740237003
0.9538466178521895,0.945656408470996,0.6104447629451021,0.7168756729459618,0.6755431763661088,0.5601633970725356,0.6282885979950311,0.591856245935329,0.5885599338351767,0.5712579620931999,0.662157989716288,0.6495067091563198,0.5021314705574935
0.9538472734654335,0.9456600039092533,0.6116837120391467,0.7069210335299638,0.6763165012889474,0.5592459578862917,0.6203312357099328,0.591053657535652,0.590655179940684,0.5731110989205946,0.6640777823690465,0.6417611615053216,0.512500163315434
0.9540919484545378,0.9460056478267003,0.6143119867334534,0.7044909329159151,0.679443557854361,0.5631067030950921,0.6235689768501907,0.5951903178425366,0.5925611834371663,0.5777690596131819,0.6689331037553001,0.6498737335778493,0.5140211403663493
0.9538966131878103,0.9457739652559565,0.6153811616224392,0.7117303683832732,0.673057559699763,0.5594719379048583,0.6222484314874306,0.5907745010387453,0.586943381414974,0.5776440257650457,0.671713814032596,0.6588457326777684,0.5118080120918748
0.9545261500528596,0.9463640412506856,0.6144114812808138,0.7057634730108409,0.671018233415819,0.562979341277548,0.6244784664987912,0.5884058917503597,0.5882528201153879,0.5833636313058689,0.6678445570144694,0.650344499621474,0.5085475215249742
0.9540551176168495,0.9459312268954495,0.6174501760525946,0.7034208338030535,0.673094538102202,0.5634254099585438,0.6235091143675461,0.5865288148705672,0.5906362356541086,0.5850926096679614,0.6731217422704094,0.6426063539522939,0.5104806659023504
0.9540094456576194,0.9457718917318725,0.6198438030582224,0.7021739066353623,0.6722421967961723,0.5632365919943477,0.6224722121506221,0.5841926439191661,0.5825749010231116,0.587025503598018,0.6762938782767808,0.6519342175626937,0.510033079541149
0.9546216236108946,0.9463497353091366,0.6146337778804876,0.6967587945984871,0.6726439787005983,0.5652643037553456,0.6182358177691929,0.586121054557044,0.5878453377229609,0.5821639191317448,0.6679584263174734,0.6533645082032179,0.5049416188152445
0.9548230163487457,0.9466119218459537,0.6184910180131359,0.6977949768034951,0.6728319934212833,0.5693200838594237,0.6193292427723613,0.5873323731872968,0.592079926465729,0.584754371467344,0.6712450885651352,0.651841635851647,0.5097440112230366
0.9545186700698977,0.9461956205437239,0.6139985702833605,0.6916985429282007,0.6735073680702108,0.5667772815292125,0.6245527169816505,0.5818667828268067,0.5871296201730619,0.5862385344301686,0.669354639155843,0.6456079145178144,0.5145605916591541
0.9549118511275452,0.9465771906792879,0.6177519060625614,0.6979058762849242,0.6716824018893415,0.5700532631306933,0.6202154175593002,0.5886930590436646,0.5880139138375398,0.5884852044738677,0.673041595799449,0.6500957930323892,0.5143019408406173
0.9548527122276975,0.9464854566177735,0.6135607573500369,0.6926862852462636,0.6701844504849308,0.5654926093092294,0.6349082753433912,0.5865660668699614,0.5868968016997791,0.5828962741372227,0.6710100141482609,0.6467585241222615,0.511516085753668
0.9549994271427038,0.9466704281542871,0.6129737664576551,0.6907649741979864,0.6769612022443499,0.5693451221230066,0.6328015360418986,0.5846201258794274,0.5860567247210924,0.5828482253461069,0.6722226127355371,0.6436624459427575,0.5084146235905879
0.9549308093978324,0.9466152225651436,0.6188576850660414,0.6911229440638114,0.6764584659413893,0.5707886129015924,0.6248542558591403,0.5914594061693622,0.5862293059702539,0.5851892422063694,0.6707810711553945,0.6497854791792501,0.5143157205803577
0.9554949232825132,0.947197707851441,0.6130115212984875,0.6882677048056394,0.6690301748902536,0.5719849922973619,0.630726450340878,0.5856689295190735,0.5864375729685457,0.5858808432776823,0.6706895377541338,0.6385781954469385,0.5142126277126694
0.9556756209724546,0.9473254313848231,0.6119574983458324,0.6903440414661249,0.6701729676138368,0.5747570148920149,0.6276558830600474,0.5905241546705888,0.5859682512981642,0.5858072624872388,0.6680900329542142,0.6456433301538974,0.5103781854675394
0.9558831251724325,0.9475662781010383,0.6129727361913598,0.6872728088419348,0.6704464417744717,0.5722570644259172,0.6312438302259664,0.5846150248341873,0.5860610502664415,0.5826443584105226,0.6702187319820989,0.6408182628983519,0.5133928863063275
0.9557185327263913,0.9473746793905501,0.61422240017594,0.6873756380045368,0.6708871982430931,0.5750804348403764,0.6310093793377983,0.5899162681385266,0.586424235870386,0.5840492992268619,0.6667082727581488,0.6396276825920875,0.5134359607520349
0.9556398267815576,0.9473835787901369,0.6165782426797197,0.6911009798553338,0.6675907643880473,0.5748360675892344,0.6228848011845126,0.5908845327399452,0.5894408231352595,0.5835702702870945,0.6676661982696684,0.6346036728406028,0.510854760318269
0.9559349796587717,0.9475604365861867,0.613917263386473,0.6895324801394666,0.6656076863848842,0.571809755459419,0.6260740642160184,0.5884728519498494,0.5863880695051056,0.5843353548840915,0.6656257479516117,0.637712619080806,0.5085533396373092
0.9559943037124861,0.94761157713999,0.6126364571515474,0.6899288604091511,0.666014784799335,0.5716413867024464,0.6325054793075562,0.5845988595499757,0.5830287228226587,0.5820180706251089,0.6672803565160286,0.6346853223938875,0.5075973319157554
0.9557385924349716,0.947486416520411,0.6181229181515813,0.6778784904039056,0.669836960227485,0.5732954469522293,0.6228106137147931,0.5811870146642837,0.5850209168153573,0.5786464363748413,0.6687214601373133,0.64071531841276,0.5153403207841754
0.9560258417658408,0.9476506981892789,0.6147981434901604,0.6862925257272419,0.6628278829091833,0.5685421457850803,0.630368325664004,0.5964674112181036,0.5867808931049605,0.5787202603271832,0.670828370712027,0.6345330693217234,0.5091780211722129
0.9561979722073091,0.9478885645892879,0.6191167310586532,0.6837785225557682,0.6646693322475268,0.5730034217306517,0.6292784714054145,0.5889351072325925,0.5876427580157761,0.5832422935185877,0.6704605947612676,0.6393920718169883,0.5135675317485204
0.9561519714303466,0.9478287532589302,0.612929863917355,0.6811353942830652,0.6719908780546364,0.5739767512823544,0.6236305826963651,0.5810280919590572,0.5867154091545361,0.5750232268245312,0.6672027283085,0.6220557193860865,0.506793615836371
0.9556481748775736,0.9473094576423875,0.6217507472781124,0.6765187585124788,0.66702638423837,0.5748976012537301,0.6224966192400372,0.5957811769418961,0.5849852310662268,0.5833593030240781,0.670001942347534,0.628922480980323,0.5174945534302774
0.9559781089163665,0.947623095523902,0.6190185797315684,0.6771928907572884,0.6679933763795405,0.571086343436482,0.6186447940497448,0.5915819031008319,0.583877811354156,0.5811391376273001,0.6699169783291388,0.6340172081273305,0.5145859055514183
0.9560229361789427,0.9475659942860083,0.616066111347968,0.6798392723211,0.6683139678632186,0.5713044941528135,0.6166930460673521,0.5924842133426675,0.5805632821276877,0.5786759562293021,0.6656335217213359,0.6211948119623314,0.5076527570911561
0.9559558714710841,0.9475239529185555,0.6169841609414258,0.6845494447045479,0.6637866334716165,0.5771542697185008,0.6166522975703941,0.5895891187089384,0.5828239402914537,0.5781144467736111,0.6675274748014897,0.6303040324174918,0.5124551494989482
0.9560169140851968,0.9475343375410059,0.6142582482372014,0.6719385380335254,0.6657339584389635,0.5746351258342509,0.6162572681980791,0.5914296979692667,0.5856994667163304,0.5821326971439954,0.665648412322498,0.6173456675403283,0.5062190517252643
0.9565342006617809,0.9480596158564248,0.617883619131403,0.677109815003129,0.6629854018121433,0.5791580594728681,0.6177611607927709,0.5867478365102068,0.5807268518240385,0.5803321805514056,0.6706122380157485,0.6285212935657875,0.5120804426501522
0.9563780796614926,0.9478833646555724,0.6226276497790819,0.6707061158709416,0.6623118652131499,0.5817062105343089,0.6144112352595988,0.5920649936387811,0.5863668823431639,0.5849302261522372,0.672539475969088,0.6231054342845221,0.5208290463031918
0.9561870921699418,0.9476814423025564,0.6234585643887602,0.6780239538566131,0.6638916987775307,0.5803870428737862,0.6123760368759615,0.5911083680419946,0.5879558794374388,0.584713763430318,0.6717157848474556,0.6346370386971054,0.5233087870236088
0.9562657545968092,0.9477724130814789,0.62304328111539,0.6675136487245086,0.6619143918558814,0.5799241683242307,0.6140645999785167,0.5878070577774559,0.5843121681996319,0.5836055287623565,0.6746309484940676,0.627185862169177,0.5260478930675865
0.9561147937300499,0.9474926057241779,0.6151579667177232,0.6737072859054056,0.66425148222916,0.579951811187369,0.6164146750208647,0.5888012227564668,0.5800406521160127,0.57759301039877,0.668118719259394,0.6328794665835823,0.5141339300879291
0.9561715811028322,0.947625200313116,0.6205569670681335,0.6765616983603125,0.6624749180298903,0.5820871022121453,0.6144856117687372,0.5870769616967542,0.5884368961008013,0.5835696866985383,0.6753859895647543,0.6333654920974165,0.5227809719554737
0.9562657904452725,0.9477100172876336,0.6201034192687247,0.6717907559368789,0.6634934546251285,0.582529977157972,0.6073295245671217,0.5826279521760485,0.5807308970099667,0.5816581910155374,0.6697570138563612,0.6297256529458977,0.5174272878859143
0.955854265838056,0.9472573810984484,0.6196137546429341,0.6697075352405121,0.6648780398529544,0.580795623925467,0.6114364899597594,0.5870723635714673,0.5808818905837283,0.5796558500473095,0.6702427102295583,0.6314530477489321,0.5215409995231189
0.9563206974110359,0.947683383066114,0.617942946610442,0.6761287590071228,0.6576355104290361,0.5830814080924102,0.6057401231419579,0.5908377971071469,0.5839986062131653,0.5812837703244441,0.6665282716676313,0.6198993512675381,0.5125042462012831
0.955824658902359,0.9471831744754513,0.6232766485377853,0.6761637363800339,0.6558669308767922,0.5817616823034111,0.6072496869192158,0.5900902425194968,0.5796557186312854,0.5820498275690347,0.6675464165220855,0.635300825651215,0.5212517270607142
0.9560634766546895,0.9474122913417853,0.6208159852157101,0.6751544612291099,0.6527109793758544,0.5815960886852506,0.6065940141970285,0.5918978805228874,0.583915659875961,0.5832995338294614,0.6699053724194096,0.6281390096740487,0.5214293325951476
0.9560378026688494,0.9473960209165224,0.6171135241314438,0.672754071610653,0.6563396456974947,0.5833919755822512,0.6023094147637853,0.5856962308879641,0.5844330031099869,0.5831153143752645,0.6704012513360482,0.6264219776455594,0.5162094651092908
0.9557517672795519,0.9471037433200582,0.6195926529490152,0.679560208245141,0.64535929350262,0.5819703293320793,0.6000372659707748,0.5934576149121801,0.5833614694037756,0.5811112226413685,0.6669003177172532,0.6258208228452945,0.51671390565594
0.9554214564929415,0.9467429839267489,0.6175392250798671,0.6728203956117021,0.6500545426494979,0.584078783679294,0.5993931456575188,0.5939430045127726,0.5802792379830943,0.5771227352873434,0.666387358405164,0.6267908240933825,0.5180685051085068
0.9561442879901199,0.9474818342926414,0.6138168451103427,0.6705593043694325,0.6493400748525083,0.5860505275569888,0.5983564534843935,0.5934171657787974,0.5840779479292454,0.5785290864426932,0.6671214869403954,0.6196864019444664,0.5150479861573838
0.9559632896901309,0.9473799482625851,0.6196452643266763,0.6736545861842468,0.6501666439315043,0.586519681051901,0.5932216807713178,0.5912615071677588,0.5854712941991633,0.5802884114097009,0.670490485453306,0.628044492060065,0.5235009888749527
0.9560341226517328,0.9473348675627636,0.6154804612545545,0.6690377706738202,0.6504716021087531,0.5855568009055572,0.6045447218744947,0.5853613580448082,0.5779823734027023,0.5784060951545031,0.6665407534950759,0.6250773222408372,0.5200473778073923
0.9556364694408263,0.9470306104604802,0.617471427262245,0.6683120530948612,0.6528467579032491,0.5829839526590465,0.5980869252818336,0.592868156804119,0.5792976996509526,0.575519082567665,0.6704469085469642,0.633049598288753,0.525207124799122
0.9557669060454321,0.947143424971213,0.6210784422251099,0.6763477899764412,0.6490388125391056,0.5875808538243227,0.5991422273355285,0.5931432899413999,0.5844191052929857,0.5853102395669928,0.670276761530745,0.6281105405132101,0.5245056850102562
0.9560178354883704,0.9473758404896211,0.6208073986543722,0.6724562426953729,0.6516539623158655,0.5896530298205875,0.5989386738901569,0.5935606416568885,0.5824849457003879,0.5825643095135828,0.6666572505512259,0.6254658693479606,0.5266875792079855
0.9560008112024693,0.9473946827689639,0.6224090856247526,0.6651597398287381,0.6551292996978364,0.5885621367068108,0.5946652907957672,0.59110851173341,0.5840803510099948,0.5810913319980826,0.6744566408687002,0.6323916190434543,0.5325471328342414
0.9560018622863102,0.9473429584099173,0.617365812860452,0.6704981389017982,0.646752752756472,0.5900409291115131,0.5946397074610792,0.5866961076007299,0.5806773483605983,0.5764735416511042,0.6694189096182115,0.628083437872092,0.524987261396151
0.9563915987892002,0.9477471556625875,0.6154786277195321,0.6689928716617279,0.6443202418984393,0.5890807310825686,0.5915686780838914,0.5875241653037537,0.5832183659451416,0.5777190655268793,0.6664671764069812,0.6199475210876768,0.5223042950325978
0.955942079406734,0.9473663301022153,0.6199931208477825,0.670490571854524,0.6486630400294466,0.59003040218831,0.5904312909136439,0.5901947061783572,0.590384552996942,0.5819666661997958,0.6736374388253593,0.6204931040859851,0.5265183435895425
0.9566188919097258,0.9480553188906666,0.6214317975353025,0.669368725641657,0.6452720750686471,0.5942816047768852,0.5966391773945486,0.5946970611369613,0.5851732721348769,0.5819004288986829,0.6699095330285577,0.6169984576547424,0.52330388756059
0.9563411255774763,0.9477246505053271,0.6214735784050005,0.67134803873638,0.64543564174881,0.5934615435061612,0.5958823475788818,0.5923691883647889,0.5853669604432883,0.5790457568443266,0.6694404790919536,0.6237771926036665,0.5277667880100341
0.9563896159900076,0.9478481084931145,0.618882729253721,0.6698529447712674,0.6474036793648774,0.5934042888266493,0.6007560568544874,0.5857786738374432,0.583407969016279,0.581870471352805,0.6686966059721383,0.6205476509981516,0.5241587417852337
0.9558914632607522,0.9473019429004698,0.6237342011796201,0.6742388844569038,0.6387547452816567,0.5939374410534936,0.5943515483735698,0.5959267722683617,0.5886437212506433,0.5842737376590474,0.6720435970524493,0.6182864024910744,0.5282594902598675
0.9565130101927027,0.9480282312989252,0.6226694917867915,0.6721349577309412,0.6435145238160083,0.5957466610196468,0.5952227470376578,0.5898955765747358,0.5859186677320325,0.5805439745648764,0.6706840632684126,0.6115535598294219,0.5282009008479338
0.9561171001477989,0.9475434914025754,0.6219086679728354,0.6685981629725576,0.6456796280545869,0.59413796421212,0.5949955006517869,0.5899617105485879,0.5862775277906277,0.5820784720406613,0.6655798717612669,0.6184159941112111,0.5274563866133605
0.9565958069412762,0.9481308869162774,0.6218004900118412,0.6744427993056579,0.6448039454907911,0.5948297954654479,0.597003456354726,0.59036454943114,0.5898442603417581,0.5809471856247354,0.6697334735677595,0.6113359415639728,0.5252677556539803
0.9564600186781296,0.947963236003323,0.6251533923959052,0.6675491653169403,0.6441968158571612,0.598288889717813,0.5907930283438563,0.5835037872746307,0.5901155681583791,0.5818352615099225,0.6692354048568322,0.6150848745398245,0.5326030683703733
0.9559437488018843,0.9474153169795104,0.6198963787215995,0.6767712390660661,0.635477027913575,0.5936989961656264,0.5980955580819624,0.5900429680438914,0.5867124854062908,0.577971759371654,0.661558095570944,0.6162543876670683,0.5239589865950692
0.9567657441059632,0.9482642381213585,0.6211385814474519,0.6745533752553744,0.6356332621579789,0.5955339055452513,0.5985718744043945,0.5886325649578596,0.5896925057924258,0.5844128748972884,0.6641486222142805,0.6167201431383856,0.5242994992748795
0.956594714241046,0.9481947706202374,0.6244115843195499,0.6685644977004803,0.6404399010836629,0.5971412535422942,0.5920463176822558,0.5914178793503654,0.596712665637347,0.5856029578602375,0.6692131784448037,0.6090507789617912,0.5310912778126184
0.9566046498667309,0.9481073031378754,0.6213773054071248,0.665790123396433,0.643697004622913,0.5973214670258162,0.6011795471615332,0.5820059120395875,0.589060695812031,0.5783783260657105,0.665241986502546,0.6080344299198582,0.5293361472582605
0.9565970270127053,0.9481322974645747,0.6220420251093959,0.6760381881016252,0.6367325741304314,0.599186608364566,0.5920343451857268,0.5898134928537948,0.5919228050360562,0.5840471594021563,0.6652983737054756,0.6050592887355958,0.525421578378343
0.9569510149280803,0.9484571315182909,0.6196067140863659,0.6712963635323106,0.6425378077977668,0.597489246647175,0.6036301701703441,0.5890199570132763,0.588395242701143,0.5795350958485844,0.6678533161916236,0.6119478007687129,0.5247154432707508
0.9570965846914989,0.9486501378314361,0.6212548738148426,0.6790675233690551,0.6356574532667899,0.5963092235164705,0.6023667567208449,0.5934734928135613,0.5916222997883287,0.5840382596766763,0.6633701503447065,0.6065105326784972,0.5253942230431545
0.9564095921555823,0.947927576908274,0.623557679396187,0.674812164677354,0.6335448223892349,0.5935483634913404,0.5965671113671965,0.5979003379334703,0.5900502043619922,0.5858782657615597,0.6631921200690485,0.6081122076672688,0.5310718841048354
0.9569242823037951,0.9484340847766319,0.6204741129558228,0.6774446343775308,0.6332765659187358,0.5958116209728433,0.6051922659016704,0.5916948804760439,0.5869967298076133,0.586214315505092,0.6638069048155548,0.60391619498961,0.5278644710539725
0.9568058902486126,0.9483257305855012,0.6233553815849153,0.6745581743091089,0.6382385892377789,0.5970681077047807,0.5972559710095868,0.5940504497684989,0.5869906019517022,0.5835293218234108,0.6630703675066061,0.6114180466238308,0.5336068458563608
0.9569163250479495,0.9484457745244625,0.6188135083126793,0.6741452220261539,0.6383515798987854,0.591913465652572,0.5925432603057255,0.5959917926337458,0.5885624570699637,0.5841357675979184,0.6657219894105928,0.5987466508879189,0.5296711480421745
0.9569882605566191,0.9484808755498628,0.6240734481369679,0.6707266960826492,0.6389074813019924,0.5964369574196654,0.5929501991614297,0.5941694981060035,0.5914665801557597,0.5871852609652398,0.666509220457321,0.61556008177254,0.5331535434549707
0.9571602931903808,0.9486770462042184,0.6249997447034019,0.6751559890177519,0.6372914006023508,0.5971884774128041,0.5954944386913448,0.5989656660858659,0.592262039935197,0.588550663656906,0.6683670419317138,0.6063261663929072,0.5346825842054377
0.9571716744283318,0.948663714856197,0.6210436207981825,0.6774252584227527,0.6392633910139754,0.5964619956832483,0.6009023523603189,0.5938169871416301,0.5901447655894857,0.584228606810712,0.6647349396350357,0.6133641984587479,0.5280769852624152
0.9567462872030827,0.9482579568792505,0.6228362544907822,0.6745386545624585,0.6407534170632935,0.5959657884608115,0.5959766152357622,0.5946031947199728,0.5917723321297904,0.5846882800633699,0.6632067916907818,0.6062585236667551,0.5297788341564431
0.9570030375230312,0.9485078794750832,0.6211555517856338,0.6754263896334113,0.639555878121241,0.5956862436121033,0.5948385769297385,0.594446678845951,0.5912398094356967,0.5817461183579842,0.6614914163348582,0.5989920550543465,0.5286447105397248
0.9569214551066861,0.9484597626986007,0.6247456950785931,0.6801845166062358,0.6357547513294339,0.595784334691787,0.5973013404701175,0.5927074738790561,0.5933723833955131,0.5873128236971192,0.662895621922381,0.6038748577680726,0.5308425279922654
0.9568338285360022,0.9483684903791282,0.625215905710145,0.6774054510923582,0.6386497195036981,0.5954503258059476,0.6008129997283292,0.5887314246515267,0.5904195178218477,0.5852749324593511,0.6648534075060455,0.6062923450298312,0.5340310576960765
0.9571263397204154,0.948682418277021,0.6226609482036598,0.6742459122846574,0.6368036058665968,0.5965737609105979,0.5965811422929532,0.5946077569224058,0.5935954693917603,0.5833208348117577,0.6641186220325276,0.6036110055854216,0.5255644793830596
0.9570171229875214,0.9485767425514787,0.6231838319562113,0.678142330515396,0.6389374830202725,0.5934879150766594,0.5932110525551009,0.5948126608805008,0.59651845666144,0.5834411999514455,0.6632305509588124,0.596488704803499,0.5244626105645488
0.9569372046924659,0.9485192151776166,0.6230920571421426,0.6831056125418722,0.6334604104401078,0.5924131146672784,0.5975393410984846,0.5974136191872871,0.5970860643344768,0.5893579125270785,0.6639102631059736,0.5999737855967,0.52550415474464
0.9574838071427998,0.9490598462738172,0.6252775195086886,0.6823570320552346,0.6325081424623884,0.5961577691530392,0.5984616644231888,0.5911343402652947,0.5976212704687409,0.5901566993631882,0.6634297127493546,0.5982684828624761,0.5275619292125583
0.9571244945184259,0.948657209487034,0.6226711328278762,0.6820928324640636,0.6330150094367064,0.5924080605038555,0.5964368632075898,0.5931901692656132,0.5980838635130237,0.5887051200947436,0.6647891370436769,0.5997951131432777,0.5290525908360443
0.9575186093710956,0.9490744990257574,0.6245850885486459,0.6790039853355297,0.6325615052024126,0.5945925598559458,0.5998482895650367,0.5923105622673815,0.5944659853932741,0.5888143484194865,0.6646465814354934,0.5971920069528524,0.5227589243718889
0.956884137631852,0.9484678313242572,0.6221632472586361,0.6812229455592468,0.6320843632506857,0.5929825297415037,0.5915090466494255,0.5917761020484936,0.5957417008605032,0.5862334766626827,0.6639159565711238,0.5972076080529919,0.5238208829812252
0.9571234959836065,0.9486885704277332,0.6241691793673148,0.6807978248891076,0.6309341195074769,0.5946338768667498,0.594920704055051,0.5881193351455695,0.5942141825820701,0.5885183717568038,0.6666103889534513,0.5999160501385196,0.5296658402905707
0.9573951280692732,0.9489692609086777,0.6195739852743518,0.6843231342717,0.6265544813218749,0.5925384145101745,0.594007433618073,0.5880375388074589,0.5945267432848912,0.5857836271507184,0.6630531776214411,0.5912540232618096,0.5240267625001633
0.9573365722757055,0.9489152834448422,0.6219209530812141,0.6829569676939925,0.6289923482178881,0.5949228788924151,0.5950563083315259,0.585369440686914,0.5931776537521102,0.585994545781355,0.6645709240428245,0.5965659131676929,0.5216699166438025
0.9574003544305405,0.9489964674112684,0.6191187256106171,0.6848148126046805,0.6277100415751085,0.5924643694656717,0.5985475723368788,0.5938421331392923,0.5931127305205275,0.5842482056597197,0.6641089869376581,0.5951092031459106,0.5205456940252682
0.9571510009182251,0.9487806536768222,0.6237548186120606,0.6851375894097861,0.6267610544177016,0.5931791770079345,0.5892454256346442,0.5902455370164892,0.5947690939784804,0.587152482741341,0.6647727135865129,0.5936225435669262,0.5238017954898809
0.9570546162060003,0.948689391537896,0.6241795213765118,0.6828997744768277,0.6258404088044409,0.5921636157348695,0.5917498408603159,0.5903603464572451,0.5916881442008655,0.5884424566121362,0.6604187456026194,0.5888855029566933,0.5257097280471394
0.9573253857856805,0.9489284905591904,0.6204721244571274,0.6868734089429341,0.6301707358654652,0.5955401069727642,0.5980677062742478,0.5880937221508077,0.5922744158010569,0.5830129918484351,0.6584777119452622,0.5949970346522071,0.5221984462169613
0.9578367636622639,0.9493703305114467,0.6190395658080592,0.6871683799947544,0.6286704720756536,0.5934728766149409,0.5966861431879499,0.5876355261505444,0.5915865339365066,0.5841122295261573,0.6621821869431764,0.5927671022220521,0.5239379597329465
0.9573558868130774,0.9489583203353723,0.6205390009672869,0.6861105571129813,0.6259818991214161,0.5950216986398316,0.5927284769274659,0.5907152283299695,0.5919995834660035,0.5869918013589054,0.6576462470539055,0.5904442464509205,0.5242391746364599
0.9576392282650344,0.9492731171971638,0.6220485311623575,0.6853251479330781,0.6285031107117559,0.596525033193916,0.5976402041306457,0.5904966377645753,0.5976823087197788,0.5860107889961653,0.6616748116065229,0.5938000772539149,0.5271357780020643
0.9578627863376051,0.9493995861978307,0.6177796064244496,0.6782214160451023,0.6273601598763503,0.5931492706237541,0.5920148741255825,0.5842430436830524,0.5960982379410404,0.5832523604211797,0.6606416666611922,0.5889354948031255,0.5215391622244868
0.957788528187459,0.9494355763415111,0.6211373556605849,0.6820239381832991,0.6241124442265488,0.5935790760610976,0.5945868184325532,0.5916333446274785,0.5937516696404791,0.5840161805763053,0.6582374915118099,0.5909541860598589,0.5294514887834959
0.9573307707993781,0.9490023115616932,0.6224413041462338,0.6833576437458587,0.6234587901892089,0.5941786610801727,0.5933407966095907,0.5894064509973478,0.5941884696180503,0.5871939175288216,0.6565577003130749,0.5849248733008466,0.5261509859352748
0.9579125872182916,0.9495172814795649,0.6183200077306534,0.6825265446985662,0.6228128836311613,0.5935096045693855,0.5939634084378542,0.5873161360573778,0.593918843957954,0.58325085281741,0.6537770995254935,0.5856883023178908,0.5204786326251977
0.9577279515286861,0.9493855112564975,0.6217924173729973,0.684268115906602,0.6206854297702663,0.5951840830192543,0.5895008598983077,0.5857799311373262,0.5952718184712803,0.5873915595198078,0.6583743536548433,0.5851739215198615,0.520005222011001
0.9580764550715213,0.9497156397628094,0.6234346358184615,0.6817877240852537,0.6245468959862562,0.5955636879008815,0.5947177807410757,0.5834687984150262,0.5960062399996796,0.5889791149218147,0.6590647957940183,0.5875907255217601,0.5249445952390285
0.9575060687168555,0.9490983543198492,0.6212798272034948,0.6783049591228465,0.6264203036766809,0.5953135843292903,0.5898261547294364,0.5827861205013452,0.5940366750173722,0.5813194178587435,0.6592450158639648,0.5890019987628442,0.5280652469655992
0.9574173942795006,0.949047699848379,0.61826416088099,0.6797632603426618,0.6265566158314759,0.5963292386237681,0.5912707099509804,0.583649777752488,0.5956578333423449,0.5777460078652175,0.6567420809921696,0.5900155008886934,0.5232310080481846
0.9572723570668364,0.9489423765144414,0.6240615195661026,0.6806371015239638,0.6269597219224137,0.5990180380611994,0.5905164636740383,0.5832422688989416,0.598190640400994,0.5855154195768283,0.6639364311477216,0.5835761183369637,0.5274220903722285
0.9578736293660299,0.9495409991554075,0.6217915717313907,0.6766793920077027,0.6303082536229051,0.6025460921875068,0.5899658548599871,0.5806289531304467,0.5971044078508648,0.583853359369164,0.667146012636427,0.5783163839337365,0.5280603475025805
0.9570362339584747,0.9487140341448038,0.6214577370013901,0.6770253732261835,0.6284165840170055,0.5979458112442362,0.5914837993848153,0.579790298185551,0.5973806820343681,0.5815625797571026,0.667347692690401,0.5864655104087808,0.528603269248357
0.9571240210544414,0.9487833279048231,0.6202575899636247,0.6731810256271626,0.6275558430204164,0.5986481849243359,0.5919640015175245,0.5794154791289655,0.5922550710010234,0.5769044731673763,0.6687154382030198,0.5847066856521806,0.5288131295809979
0.957509468857435,0.9491722991942796,0.6223910414367426,0.6710460398568063,0.6277026893753718,0.5976957386797824,0.5865600996851066,0.5767903806644233,0.595886646681045,0.5819067024756605,0.6646864356915447,0.582432113577831,0.5307040160898366
0.9574153743794462,0.9491315681199969,0.6211136994873677,0.6744065457798811,0.6290580832080066,0.5990631689499237,0.5865614859741783,0.5748836674302429,0.5949105553319356,0.5820634932677224,0.6655997988892925,0.5759150671553341,0.5290660643593462
0.9577683708147957,0.9494491104736145,0.6218935372229444,0.6699215334943035,0.6300748608092218,0.598764818272283,0.5944065378400835,0.5776456319677763,0.5958461948217615,0.5826140604379871,0.6621501064568494,0.575516612780239,0.5284346460627916
0.9573896551349212,0.9490423457078081,0.6211071849598303,0.6749844992361775,0.6277593329357085,0.6005581780875722,0.590257101591338,0.5757458877672338,0.5972066989881027,0.5832434120633202,0.6634908080100048,0.5752923896694753,0.5310362609258026
0.9581813691672796,0.9498950818156353,0.6225363985727366,0.6731968247591199,0.6254454059443958,0.6006005958517596,0.5907096829645111,0.5718389181875685,0.5939125158453137,0.5864514956207515,0.6607115210989964,0.5739760895489483,0.5334806846836254
0.9579133561505968,0.9496352671394228,0.6260629958638537,0.6770875092889549,0.6310703130784052,0.6017129614082996,0.5947977654196408,0.5731487372829505,0.5976105367080597,0.5846998545697318,0.6618425498490247,0.580997381748216,0.5313477851160846
0.9581069107483139,0.9498063753039281,0.6232934154861463,0.6740279957023485,0.6311048209836209,0.6022999575295237,0.5902062079789001,0.5738121246241392,0.5965419267500937,0.5827588390322702,0.6564247797997608,0.5750769350602499,0.5271972254340924
0.9582305431709424,0.9498532431289087,0.6234859651138588,0.6729581841732313,0.63042956491856,0.6019492823072436,0.5896816025871346,0.5705263330324435,0.5954630636475963,0.5811796970319465,0.6585286246624706,0.579162942900429,0.5269355124511687
0.9583226997867066,0.9500257754846773,0.6243465625308524,0.6708877969014577,0.6289079955606944,0.6029513864826058,0.59175757047211,0.57226489138797,0.5945271838496953,0.5851105063836806,0.6554119999413135,0.5765991241519607,0.5273280819255544
0.9585016933130842,0.9501303674729655,0.6241935056373527,0.6735052942729423,0.6264440599779806,0.6019164767557008,0.5907842695174483,0.5744353142919216,0.5938068603950264,0.5813422750771893,0.6580110667823753,0.5779041504847957,0.5227345291289408
0.958212539285564,0.9498668912624609,0.6214477957185666,0.6774670659095929,0.625844480183865,0.5995534693126545,0.5933858930131829,0.5716190703222912,0.5886996329294155,0.5807553795193097,0.651805189768668,0.5785248920677174,0.5208880440037105
0.9586910852722562,0.9502533544166889,0.6200309640663346,0.6816688261809339,0.6262634765129435,0.6038461284441526,0.5936561143602785,0.5707804153773954,0.5879402594125669,0.5778244032612485,0.6478165889618164,0.5781159610414338,0.5195733547603183
0.9585262374346382,0.9501534443428405,0.6197881105669052,0.6778179180777444,0.627586002850519,0.6004932491415131,0.5883825657093669,0.5687304418022467,0.589669115806464,0.5798656015008341,0.6534993241199928,0.5761662790305727,0.5190547261853434
0.9585644002897746,0.9502300298546364,0.6258299583445903,0.6816908443113634,0.6280284590212302,0.6030337724471134,0.5936716155926266,0.5779766251427214,0.5932695315394336,0.5818750914288738,0.6566632483977822,0.5789427054721827,0.5219529627052876
0.9586797962981386,0.9503445793475266,0.6245140788667687,0.680313497915593,0.6320918142703114,0.6034924920402354,0.5921574308517962,0.5751112746319417,0.5955074805901166,0.5799743921341599,0.6555277305694627,0.5753287163187053,0.5223580870536589
0.9587276040387297,0.9503473743984592,0.6206972860687722,0.6797822947917433,0.6294123327458557,0.602626648730898,0.5926047821343803,0.5694782478498734,0.5930366329634592,0.5794903540592864,0.653413155714739,0.582836603415024,0.5216219427350762
0.9584714464708257,0.9500768395035097,0.6214726522549232,0.6791688247430151,0.6284792555905672,0.6057126185933867,0.5883722315544682,0.5729300748718488,0.5924602940970324,0.5808483159968626,0.6557080601291234,0.5824729952927951,0.5194516847620168
0.9585366485235487,0.9501386924210091,0.6224603041453367,0.6768821565214791,0.6325878703487801,0.6029679132869274,0.589516130082477,0.5709379730141774,0.5915202890105115,0.5775340679546077,0.655898353252797,0.5806727194380142,0.5222856158298382
0.9587155674403118,0.9503224241013313,0.622237402824142,0.6792221895015829,0.6303476432306341,0.6011580266673165,0.5894286678446763,0.5698517377608682,0.591267004299512,0.5800046901066955,0.6559515652540084,0.5777292359606041,0.5207694361697958
0.9587841972323351,0.9503413025552045,0.6213079276864296,0.6725760033509258,0.6341590275269126,0.6046203611655571,0.5870621883816457,0.5698596767115588,0.5927703315650664,0.5773798546786684,0.6553755398664095,0.5839992839436666,0.5218837577901462
0.9588535404892096,0.9504502552281022,0.6207712400604379,0.6758031063645734,0.6296673275872599,0.6019459335363867,0.5872102692597666,0.567333545709245,0.5903229940784085,0.5793072045174423,0.6521101186233463,0.5762561277021788,0.5204500524242542
0.9585861781623521,0.9501344554532936,0.6220940081577889,0.6750379718386494,0.629938351014649,0.600621122576827,0.5882586398681026,0.5687204193260356,0.5898838310714336,0.5785657552569657,0.6529964378616309,0.5847422151649071,0.5204135105959055
0.9584907151290585,0.9500734852976923,0.6239331551653837,0.6766997924795701,0.6279081161604868,0.5996858387829153,0.589098584014936,0.571050663006559,0.5894868421316128,0.5788165038065536,0.6554349927813432,0.5871132407561773,0.5217377946210429
0.9580322176597915,0.9495460464326047,0.6207298042270432,0.671278767001951,0.635725915685843,0.6020927213256146,0.5868293968394878,0.5686711331706171,0.5904404246243684,0.5729466728449242,0.6553341527543561,0.5827694161954451,0.5203758459739479
0.9586247001570464,0.9501330113143609,0.6197107255826655,0.6673907605957354,0.6286879236680393,0.6000173515941808,0.587868966612656,0.57213398850871,0.5888083723333314,0.574388282475536,0.6539058594296593,0.5769521417463574,0.5233332843387032
0.958855857937255,0.9504030297920496,0.6205232291762641,0.6785490098779264,0.6262706113089244,0.5988481344509174,0.5896257309366664,0.5737568393521357,0.5879252401578825,0.5794972598571998,0.6517142038159793,0.5798669283096425,0.5172637683076602
0.9585844683802311,0.9501392704900053,0.6223498253369937,0.6751594579966687,0.6271644372043284,0.6017547125190295,0.5888288037598175,0.574154325729471,0.5865458317563116,0.5790347659265208,0.6540591450298567,0.5814922896402318,0.5188745688472544
0.9589070707418446,0.9504208335523017,0.6223180686798975,0.6697191284602076,0.6267798894885322,0.600606626740016,0.5842868166555827,0.5742032885792051,0.5894431461133173,0.5821537063320137,0.6493051016294479,0.5803832450106087,0.5172774459752545
0.9590319933874384,0.9505206013568898,0.6166923825048392,0.6705081683848837,0.6267159530203924,0.5988209877019801,0.5891933347725534,0.5745808377726797,0.5870298122192651,0.5781680882883892,0.6486717036314891,0.5782094537656273,0.5124662753628869
0.9591420100351316,0.9506079363887924,0.619406240124887,0.6719160166315431,0.6259173302059869,0.601415587455492,0.5906086729016908,0.5714752352156622,0.5830713775059627,0.5801783563345037,0.6504771890223859,0.5826614611375457,0.5122349798795385
0.9587130478103798,0.9502552835010409,0.6220898223226354,0.6703834469097403,0.6254909421492163,0.5995134235944906,0.5862085913878934,0.5739058473497125,0.5866679082583872,0.5795073753921715,0.653623813925296,0.5854153400037715,0.5151006553848365
0.9588141609406722,0.95037213188534,0.623850667275816,0.6666387650521333,0.6276803165525172,0.6018060758424042,0.5869493738573355,0.5727929214160271,0.5881010655660557,0.5836295531579144,0.6527259982669968,0.5855785252336977,0.5189407115980089
0.9587843293373699,0.9502746767184822,0.6200506850097134,0.6723272613860156,0.6277459131947913,0.5979138118782701,0.5828460632267961,0.5712798867366788,0.5817066679483097,0.5800302221060233,0.6506728471420667,0.588348005200063,0.5159116185866028
0.959181901228565,0.9506430766377193,0.6223354960398495,0.6705769907697121,0.6260225536237234,0.6008227774959746,0.5821843412432047,0.5720389725604,0.5858064839123756,0.583930295793805,0.6529569120747228,0.5903269535082661,0.5157916838147872
0.958699333796867,0.9501648847448004,0.6197107292146266,0.6778620801564916,0.6259837371713503,0.5983325632710719,0.5828794601907978,0.5723206436570729,0.5853868259108177,0.5836159360916063,0.6469478975675547,0.5851642420051765,0.5107804517958165
0.9587196862161937,0.9501931466134776,0.6211177291481944,0.6705847375568266,0.6278225183726925,0.5984802967779956,0.5815892661569576,0.5685938990349397,0.5824907931968784,0.5823851478268718,0.6500272957858066,0.5840700013391894,0.5163609401742902
0.9593069225780769,0.9507668213344993,0.6215760989812738,0.6714536179185379,0.6275771881164262,0.6021775723575586,0.5846510536070003,0.5733580597520634,0.5827074309264477,0.5843707592564926,0.6462797913301227,0.5795861085071319,0.5160410460680176
0.9589953350532453,0.9504502996710968,0.6218018792369573,0.6708094662790804,0.6276848227394525,0.6034793915246144,0.579479313185344,0.5728308918724975,0.5798869751020809,0.5855291825402753,0.6453685084369489,0.5825703598228626,0.5177679026378709
0.9589548024653094,0.950455828948073,0.6217251110807757,0.6682613844338972,0.6286861844379941,0.6026507567803541,0.5760706173972809,0.5725740434678026,0.5826787942141827,0.5832574668210453,0.6478815163624714,0.5794666519082537,0.5192740792275834
0.958823845661583,0.9502790885125355,0.6200474277459447,0.6696718568822241,0.625690202573262,0.6018115486021842,0.580257357424685,0.5704178460139571,0.5812331408866166,0.5831810653525809,0.646711180804964,0.5814814713591132,0.5154022785769345
0.9589333986519146,0.9504050179959199,0.6234503682632393,0.668728708018525,0.6274325553269829,0.6008820476394282,0.5749442995352276,0.5724212994934302,0.5795517052861769,0.5830682868641219,0.6476992159879509,0.5884256690708304,0.5184961874011942
0.9581836475037323,0.9496934788837229,0.6232246697266803,0.6716342384839965,0.6287491722352003,0.6002868346267496,0.5778555695990839,0.5713909961234929,0.5798236939756767,0.586892883098653,0.649645614641315,0.5800605186033438,0.5182976570767844
0.9584910891193019,0.9499751157937391,0.6194010706336056,0.6648537866726791,0.6289253285692133,0.5991536167701981,0.5853940205319493,0.5757317341628351,0.5839102529442746,0.5869268771320435,0.64779392459093,0.5785663431658983,0.5196976786344216
0.958960786136856,0.9504219973903014,0.620339375674049,0.6669556823384469,0.6271354632128932,0.5991258498785094,0.5792225766501282,0.5698432240445167,0.5774011883234307,0.5851796129951943,0.6450274479765096,0.5808257696466818,0.5178933493055828
0.9587770066855006,0.9501946401564833,0.6197901487024022,0.6698569889176729,0.6278447923756582,0.6000891331176414,0.5815707402939077,0.5716589087671592,0.5777288483836278,0.5857568307095192,0.6460667243458482,0.5810938352651367,0.5165298695762944
0.9586130046877807,0.95002608705074,0.6177237432309612,0.6714426178403151,0.6265176412672804,0.5976855528350927,0.5830716082578972,0.5723934592817326,0.5770255467509348,0.585335722933941,0.6425738929659209,0.5843612977928884,0.5141202524203348
0.9590940381729214,0.950527442425695,0.6193964731761956,0.6680162192918078,0.6293691286904138,0.5984367937639934,0.5790267528165508,0.5723065259755282,0.5785205833879032,0.585500635333408,0.6448306949596847,0.5828889866709667,0.5158984512797398
0.9589989535304998,0.9504116570041339,0.6221937817608263,0.6684752928177684,0.6239245678537083,0.5996463356896587,0.5815762644458148,0.5731057376269478,0.5815423372763884,0.5875756330768656,0.647745968096011,0.5844943057123256,0.5181948704255347
0.9583596708125688,0.9498038996224215,0.6204036946782758,0.6744960022983694,0.6246835441286736,0.5965554356922975,0.5815864305656744,0.5710972908707959,0.5813454849116567,0.5870264276132318,0.6437631702440241,0.5835991214189212,0.5145350736225976
0.9584052871319961,0.9498370793151547,0.6178733866863655,0.6645063315875083,0.6252787363197204,0.5959501298563418,0.5802684267328793,0.5707105813496014,0.5801803512102515,0.588104607470556,0.6449025202123486,0.5790400700022501,0.5186798151922549
0.9589342943464545,0.9503437308480763,0.6196860052448496,0.669278729903648,0.6195482500163745,0.5942779149275151,0.5798602906275223,0.5730301559425452,0.5783411934099515,0.5900739270529867,0.6466114356751212,0.5835352366219997,0.5164813853068371
0.9585579265053898,0.9499551821804912,0.6216118792459282,0.6659028202762645,0.6221882035852567,0.5986946646235443,0.5831674092345084,0.5705123231194601,0.58297565478944,0.5920566691722069,0.6494010146192856,0.5802161879748086,0.5213197071101007
0.9583516272389085,0.9497412498833725,0.6181160955126783,0.6639692869188508,0.6254258988983203,0.5970320929145001,0.5857464950306368,0.5748295676124149,0.5817372671765203,0.5881898600321207,0.6456017215286779,0.5793774864965076,0.5163958488482996
0.9585786119534947,0.9499831510354718,0.6189888297329729,0.6616102194896655,0.6238034937257869,0.5974365655204538,0.5830843999252412,0.572720932017005,0.5825324465965368,0.5891734012786037,0.6438247034635318,0.5773833925947386,0.5158960015482302
0.9584472200677684,0.9498219375352412,0.6168057947270872,0.663539996284418,0.6257362131135494,0.596661573124179,0.5856137473498249,0.572736450689848,0.5774747626457118,0.58796323314285,0.6435194461397101,0.5800224838044636,0.5164813853068371
0.9581810279404637,0.9495947188498746,0.6206153829249396,0.6583799530548295,0.6261377380862643,0.5987977013416695,0.5812374007852865,0.5730463930724644,0.5828374776463426,0.5872265498555812,0.644990330963319,0.580264243918304,0.5183959525536002
0.9585138167923213,0.9499276311413368,0.6196450609368555,0.6623863900417801,0.6220901940194125,0.5980868937201523,0.5792351582736736,0.571424619914653,0.585804601499122,0.5901081642482756,0.6429571069664145,0.5746547943433371,0.5149626538431389
0.9582971503053375,0.9497468841181647,0.6241766436526767,0.6640597320064603,0.6220751141043612,0.6010359980774335,0.5759105430182513,0.5735692142867201,0.5892491774454851,0.5936400908219417,0.6472763667108348,0.5737638234857367,0.5184037100367134
0.9581339528126286,0.949561891342034,0.621798906476807,0.6618020198731871,0.6210302123627555,0.5999372136471466,0.5802927498047749,0.5744799304763456,0.5883165818579419,0.5917168747354399,0.6456542765916026,0.5728327680496758,0.5184489279974915
0.9583880752908409,0.9497901657552321,0.6217911068403714,0.6617507041487981,0.6262057261698507,0.601548220486422,0.5856126131133116,0.5677965912947718,0.5800375281110384,0.5909047626273002,0.6434287886561648,0.5810468042114315,0.5243519643580397
0.958250348602465,0.9496074353859123,0.6193926057429642,0.661185638039047,0.6226350868869921,0.5974480536649212,0.5790250934705407,0.5684868848534591,0.580390060056993,0.5879748076492118,0.6468834081257572,0.5776195727530544,0.5187131927840708
0.9584271985343549,0.9498325365176233,0.6219098380696324,0.6627390396083339,0.6203051906016277,0.5999805151147548,0.5760209840476356,0.5711156115262356,0.5870270486764032,0.5908350237948506,0.6423745121959498,0.5726716325993301,0.5201327101216373
0.9587520925894204,0.9500918452155108,0.6191854635009284,0.6587021726664306,0.6263274920369946,0.599058812447096,0.582785801660934,0.5733616520374436,0.5823947901209351,0.5869883484599487,0.6414995798879658,0.5756056643153418,0.5162192640353285
0.9585951278231597,0.9499897156791868,0.6203917418943365,0.6576353448186611,0.6244771093806913,0.5969684042539436,0.5805611857795812,0.5728283772727312,0.586392074639688,0.589269061169418,0.6440813473541482,0.579740639112163,0.5195753962032428
0.9593866545128273,0.9507689862767896,0.6206574295331238,0.6624435113630089,0.6211150788833715,0.6008266223810326,0.5844608379428495,0.5728756517483365,0.5832655464305239,0.5898862060674535,0.6415033025382563,0.5804479269440338,0.516769841192072
0.9584084279859252,0.9498044048255777,0.6234067108803127,0.6612751484794872,0.6222897509031248,0.5983993681489537,0.5743393313860592,0.5724632214638189,0.587859515899383,0.5883710156463983,0.6435713442643485,0.5806024575490648,0.5203757439018017
0.9586562609029382,0.9500399816362001,0.6191850996994928,0.6648701429981411,0.6219818478931856,0.5983197418196892,0.5827549882356569,0.5719943922988299,0.5847538944927396,0.5881786745847961,0.6392410260587711,0.5807758916768928,0.5157205395288676
0.9583841617703919,0.9497927346119938,0.6220727847931735,0.6562784168687421,0.6234183135627017,0.600247192001374,0.5773359842541086,0.5711947495731646,0.5850795119342999,0.5901999821810961,0.643878353423601,0.5792332047893783,0.5207668843661402
0.9582626967837773,0.9496785627812012,0.6204799598078469,0.6573431237863967,0.6243981720534113,0.598185418899762,0.5738605995599414,0.5714739060700714,0.5885811209971183,0.5885849494845746,0.641200453988152,0.5796337089440539,0.5196689963613321
0.9583753446454899,0.949786211000532,0.62255495486726,0.6621002262421317,0.6227267126880113,0.6033474561542795,0.5742665932185511,0.5694416065389939,0.5855716628718017,0.5891320151235029,0.6438781344441722,0.5796361003535642,0.5184919003710526
0.959275539075261,0.9506687152844833,0.6202958242233206,0.6599758271483656,0.6224857897987912,0.6018981670409693,0.5837151614528965,0.5705797503160492,0.5847727186252776,0.5901118603091308,0.6404789167700797,0.5789850675835103,0.5172295741386743
0.9584691009357389,0.9498701330688443,0.6219022182152707,0.6580132298587849,0.6262119518228535,0.6010450986723085,0.5715680135053122,0.5689889785810702,0.5888664467847782,0.5872392915390552,0.643749265050292,0.5754173123472344,0.5206760401559989
0.9589223387747559,0.9503068358243563,0.62055349370268,0.6611616068224068,0.6239605580572579,0.6012766444720676,0.5786203600747235,0.5662075079339214,0.5855554020253966,0.5907417955230199,0.6425975427442371,0.5814375149747787,0.5201354660695854
0.9590414644710401,0.9504727370269517,0.6230987169481236,0.658261162994414,0.6250271211185178,0.6007335854647717,0.5725705315523804,0.567126630071337,0.5909369411585652,0.5923690349468389,0.641866041962152,0.5785507420657586,0.52221957515123
0.9589887149221048,0.9503759576520003,0.6211225578404603,0.6585436061793695,0.6242116396310603,0.6009346512483054,0.570527582552569,0.5687417575011948,0.5916499352169481,0.589818412530191,0.6419946923766034,0.5752672229312941,0.5202452956989247
0.9591761817958122,0.9505711900423924,0.6225600147943818,0.660337068279283,0.6254397139187932,0.6008037391135103,0.5746602152974143,0.5665944329922387,0.5888150609080841,0.5909628296886282,0.6400961407284439,0.5790751440084032,0.5213888099530959
0.95882615388899,0.9502099727828837,0.6236826733370167,0.661307699364555,0.6246369011410969,0.6010239828116274,0.5660279822869224,0.5689580130810917,0.5919290129946592,0.5949448003037772,0.640087710020433,0.576442543767349,0.5211549626660917
0.959029727483049,0.9504432640349957,0.6235606854493139,0.657492972891206,0.625287215066191,0.5996216074974514,0.572440556449712,0.5707732308066348,0.5903374125629057,0.5931410739741292,0.6419546191411233,0.5762691096395213,0.5205103770626739
0.9591978446086102,0.9505809917381239,0.6250633179449523,0.66054626747934,0.6240339614707577,0.6010974387205165,0.5728039322215547,0.5690625485856597,0.5927188655856809,0.5935453063139613,0.6408153786625131,0.5816914598894576,0.5243834025790773
0.9584329668738333,0.9498711541724825,0.6267506846933697,0.660012637867647,0.6255243235076982,0.6028453730792744,0.5677491231826644,0.5670886596148668,0.5932223110027054,0.5935727349760962,0.6435932422072338,0.5774908921460645,0.5210365589764695
0.958559839612642,0.9499390055506178,0.6248774826026371,0.6620406784330597,0.6268111758653687,0.6032251950108648,0.5733890302273611,0.5696266810817894,0.5911788512873504,0.5918056774607205,0.6440964569347392,0.5818229874125314,0.523359006519552
0.9588935979988312,0.9502866182410443,0.623870805289393,0.659666440961358,0.6273699430453546,0.6024641558264938,0.570702759080729,0.5664993092753671,0.5898773427534099,0.5927587262051492,0.6421117368813256,0.5754919015486313,0.523297559087524
0.958845888019987,0.9502481635266058,0.6249892332026875,0.6614926876081315,0.6245867204014964,0.6037213402190263,0.568310234186653,0.5664563096193643,0.5912765765711643,0.5925380324661986,0.6441008365233162,0.5769471311740499,0.5221684370059708
0.9588775995075185,0.9503124951746083,0.6265068269566995,0.6655539092983876,0.6233604643997199,0.6034808023493736,0.573254287130461,0.5696222984936253,0.590811099829982,0.5967783382821643,0.6438214187720991,0.5759854429209268,0.5224340287304511
0.959320081802149,0.9507735400300361,0.6246235025904157,0.6612949558098818,0.6232679689836782,0.6031107786732536,0.5723035448797854,0.5722965753450246,0.5924296948688219,0.5973141212090088,0.6391478503117938,0.5736179475056005,0.5192119172905316
0.9587137073129525,0.9501853487283425,0.6243643228205707,0.6591910290839192,0.6220879013979892,0.6022818958718927,0.5683107803005298,0.5690110711361593,0.5922829467377178,0.5926177409364807,0.6451978139721576,0.5772880778442513,0.5238452782241733
0.9590532795500828,0.9504543109097425,0.6274529879289752,0.6625832411148127,0.6221069143446201,0.6047155685814474,0.5701328472415725,0.570649799880966,0.5928086206516754,0.5960316853570629,0.6439142660499331,0.5794319195320307,0.5237236082258717
0.9590053123814936,0.9504921394947372,0.6272477367280125,0.6622337549694471,0.623409854580209,0.6031137088477534,0.5664273385614915,0.5717610015176686,0.5967710204482146,0.5966053042752919,0.6453122307237336,0.5738734866932864,0.5214175942983316
0.9592202306986269,0.9506404141922795,0.62510233731357,0.6602180984790271,0.6263134200848104,0.603239613329832,0.5725528878732851,0.5690982918251942,0.5916627516476123,0.5925877347582232,0.6410741028577034,0.5767831488076204,0.5239903227439606
0.9589467681122876,0.9504272751509353,0.6269678971528474,0.6608672648600273,0.6250189783596697,0.6048169309141441,0.5717257143894159,0.5726245510002503,0.5941316367583241,0.5949757304972485,0.6443666775499443,0.5773995630780948,0.5236543012385843
0.9594144849675794,0.9508416261291959,0.6258447283196799,0.6589513280329733,0.6254641224313597,0.6038550119890647,0.5731730841978631,0.569711926013865,0.5918942884778285,0.59703978595528,0.642702214911229,0.5831671873106801,0.5250155353806556
0.9594401213240229,0.9508538023211048,0.6237004082030073,0.6634013449716558,0.624017913120795,0.6039122821721454,0.5736445485085442,0.5717903145663723,0.5916833380393665,0.5914859195643783,0.6437653600383126,0.5769790166341889,0.5204882274069429
0.9593858447626804,0.950866910162206,0.6247032568239383,0.6616637100661213,0.6235233591046381,0.6016492572441743,0.5727633097508759,0.5713484634645897,0.5921173344227301,0.5974990701489006,0.6427004630757982,0.5758132614361758,0.5228813088752139
0.9592129427462318,0.950685946815342,0.6234595958657091,0.6632008272058824,0.6240047305476112,0.6026372531719448,0.5725054389791469,0.5710293966771073,0.5922356060469522,0.5959437093822365,0.640218331249744,0.5772753236601957,0.5217955674558068
0.9595952010930527,0.9510017239552302,0.6219115808056275,0.6625615824640635,0.6284618830540927,0.6027087556311675,0.5738734332360453,0.5657094734887902,0.5912537873553896,0.5942742084204825,0.6387097819643724,0.5774459108719399,0.5193437945034558
0.9591289013780748,0.9505530518744454,0.622637207284684,0.6608420114124733,0.6274744747238686,0.6015033221512294,0.5730384461228625,0.5692423065460923,0.5927836686632262,0.5947322768046114,0.6416012958326683,0.5792525638187486,0.5207379979487581
0.9590983789220291,0.9505297208526553,0.6225052926420018,0.663514688914912,0.6276010037096591,0.6011972196891975,0.5718811257961133,0.5685500013075919,0.5895254916803343,0.591318964604965,0.6415871716595072,0.58000164437873,0.5207174814473667
